game_id,match_id,game_number,winner_score,loser_score,winning_team_id,losing_team_id,skill_level,scoring_type,doubles_type,ball_type,date_played
G164,M87,3,11,2,T104,T116,Pro,STANDARD_DOUBLES,Men's Doubles,Dura Fast 40,2023-03-11 00:00:00
G162,M87,2,11,6,T104,T116,Pro,STANDARD_DOUBLES,Men's Doubles,Dura Fast 40,2023-03-11 00:00:00
G157,M85,2,11,9,T108,T71,Pro,STANDARD_DOUBLES,Women's Doubles,Dura Fast 40,2023-02-18 00:00:00
G144,M81,1,11,2,T109,T65,Pro,STANDARD_DOUBLES,Women's Doubles,Dura Fast 40,2022-12-04 00:00:00
G17,M9,1,15,12,T11,T12,5.0,STANDARD_DOUBLES,Mixed Doubles,Dura Fast 40,2022-03-06 00:00:00
G152,M82,1,11,3,T111,T110,Senior Pro,STANDARD_DOUBLES,Women's Doubles,Franklin X-40,2022-04-28 00:00:00
G154,M83,1,11,9,T112,T113,5.0,STANDARD_DOUBLES,Mixed Doubles,Franklin X-40,2023-03-26 00:00:00
G153,M83,2,11,8,T113,T112,5.0,STANDARD_DOUBLES,Mixed Doubles,Franklin X-40,2023-03-26 00:00:00
G155,M83,3,11,3,T113,T112,5.0,STANDARD_DOUBLES,Mixed Doubles,Franklin X-40,2023-03-26 00:00:00
G290,M178,2,11,8,T114,T246,4.5,STANDARD_DOUBLES,Men's Doubles,Franklin X-40,2023-08-27 00:00:00
G287,M178,1,11,2,T114,T246,4.5,STANDARD_DOUBLES,Men's Doubles,Franklin X-40,2023-08-27 00:00:00
G163,M87,1,13,11,T116,T104,Pro,STANDARD_DOUBLES,Men's Doubles,Dura Fast 40,2023-03-11 00:00:00
G166,M89,1,12,10,T118,T104,Pro,STANDARD_DOUBLES,Men's Doubles,Dura Fast 40,2023-02-11 00:00:00
G167,M89,2,11,8,T118,T104,Pro,STANDARD_DOUBLES,Men's Doubles,Dura Fast 40,2023-02-11 00:00:00
G168,M90,1,22,20,T119,T120,Pro,MLP_DOUBLES_2023,Men's Doubles,Dura Fast 40,2023-03-26 00:00:00
G27,M16,1,15,4,T12,T24,5.0,STANDARD_DOUBLES,Doubles,Unknown,2022-09-04 00:00:00
G169,M91,1,11,2,T122,T121,4.5,STANDARD_DOUBLES,Mixed Doubles,Unknown,2023-04-14 00:00:00
G170,M92,1,11,2,T123,T122,4.5,STANDARD_DOUBLES,Mixed Doubles,Unknown,2023-04-14 00:00:00
G674,M485,1,12,10,T126,T524,5.5,STANDARD_DOUBLES,Men's Doubles,Franklin X-40,2024-02-17 00:00:00
G608,M431,1,11,7,T126,T470,5.0,STANDARD_DOUBLES,Men's Doubles,Dura Fast 40,2024-01-04 00:00:00
G673,M485,2,11,4,T126,T524,5.5,STANDARD_DOUBLES,Men's Doubles,Franklin X-40,2024-02-17 00:00:00
G997,M783,3,11,4,T126,T397,5.0,STANDARD_DOUBLES,Men's Doubles,Franklin X-40,2024-11-15 00:00:00
G172,M94,1,15,12,T126,T127,5.0,STANDARD_DOUBLES,Men's Doubles,Franklin X-40,2023-04-01 00:00:00
G998,M783,2,11,3,T126,T397,5.0,STANDARD_DOUBLES,Men's Doubles,Franklin X-40,2024-11-15 00:00:00
G796,M599,1,19,17,T126,T637,5.0,STANDARD_DOUBLES,Men's Doubles,Franklin X-40,2024-05-25 00:00:00
G91,M46,1,11,8,T13,T70,Pro,STANDARD_DOUBLES,Men's Doubles,Dura Fast 40,2023-02-18 00:00:00
G53,M29,2,14,12,T13,T5,Pro,STANDARD_DOUBLES,Men's Doubles,Dura Fast 40,2022-10-22 00:00:00
G92,M46,2,11,7,T13,T70,Pro,STANDARD_DOUBLES,Men's Doubles,Dura Fast 40,2023-02-18 00:00:00
G51,M29,1,11,6,T13,T5,Pro,STANDARD_DOUBLES,Men's Doubles,Dura Fast 40,2022-10-22 00:00:00
G52,M29,3,12,10,T13,T5,Pro,STANDARD_DOUBLES,Men's Doubles,Dura Fast 40,2022-10-22 00:00:00
G18,M10,1,11,6,T13,T14,Pro,STANDARD_DOUBLES,Men's Doubles,Dura Fast 40,2022-05-21 00:00:00
G174,M96,1,15,9,T131,T130,4.0,STANDARD_DOUBLES,Men's Doubles,Dura Fast 40,2023-04-29 00:00:00
G317,M197,2,11,6,T132,T278,Pro,STANDARD_DOUBLES,Mixed Doubles,Dura Fast 40,2023-09-09 00:00:00
G735,M539,2,11,7,T132,T67,Pro,STANDARD_DOUBLES,Mixed Doubles,Unknown,2023-07-29 00:00:00
G316,M197,3,11,6,T132,T278,Pro,STANDARD_DOUBLES,Mixed Doubles,Dura Fast 40,2023-09-09 00:00:00
G175,M97,1,11,5,T133,T132,Pro,STANDARD_DOUBLES,Mixed Doubles,Dura Fast 40,2023-05-05 00:00:00
G176,M97,2,11,3,T133,T132,Pro,STANDARD_DOUBLES,Mixed Doubles,Dura Fast 40,2023-05-05 00:00:00
G178,M99,1,16,14,T135,T136,5.0,STANDARD_DOUBLES,Men's Doubles,Dura Fast 40,2023-04-26 00:00:00
G182,M101,1,11,6,T138,T139,5.0,STANDARD_DOUBLES,Women's Doubles,Dura Fast 40,2023-04-22 00:00:00
G188,M101,3,11,7,T138,T139,5.0,STANDARD_DOUBLES,Women's Doubles,Dura Fast 40,2023-04-22 00:00:00
G186,M101,2,11,5,T139,T138,5.0,STANDARD_DOUBLES,Women's Doubles,Dura Fast 40,2023-04-22 00:00:00
G184,M102,1,11,1,T140,T141,4.0,STANDARD_DOUBLES,Men's Doubles,Unknown,2023-05-08 00:00:00
G190,M104,1,15,9,T143,T144,3.5,STANDARD_DOUBLES,Men's Doubles,Unknown,2023-05-08 00:00:00
G854,M647,1,21,15,T144,T333,4.0,MLP_DOUBLES_2023_NO_FREEZE,Men's Doubles,Dura Fast 40,2024-06-17 00:00:00
G195,M105,2,11,7,T145,T69,Pro,STANDARD_DOUBLES,Men's Doubles,Dura Fast 40,2023-02-25 00:00:00
G194,M105,3,11,5,T145,T69,Pro,STANDARD_DOUBLES,Men's Doubles,Dura Fast 40,2023-02-25 00:00:00
G400,M260,1,11,5,T145,T349,Pro,STANDARD_DOUBLES,Men's Doubles,Dura Fast 40,2023-10-07 00:00:00
G282,M175,1,11,6,T147,T13,Pro,STANDARD_DOUBLES,Men's Doubles,Dura Fast 40,2023-08-06 00:00:00
G196,M107,1,11,6,T147,T145,Pro,STANDARD_DOUBLES,Men's Doubles,Dura Fast 40,2023-02-26 00:00:00
G401,M261,1,11,5,T147,T350,Pro,STANDARD_DOUBLES,Men's Doubles,Dura Fast 40,2023-08-26 00:00:00
G197,M107,2,11,3,T147,T145,Pro,STANDARD_DOUBLES,Men's Doubles,Dura Fast 40,2023-02-26 00:00:00
G207,M107,3,11,7,T147,T145,Pro,STANDARD_DOUBLES,Men's Doubles,Dura Fast 40,2023-02-26 00:00:00
G201,M109,1,22,16,T149,T150,3.5,MLP_DOUBLES_2023,Men's Doubles,Unknown,2023-05-30 00:00:00
G419,M278,1,15,13,T150,T361,4.0,STANDARD_DOUBLES,Men's Doubles,Dura Fast 40,2023-11-04 00:00:00
G210,M114,1,22,12,T150,T156,3.5,MLP_DOUBLES_2023,Men's Doubles,Unknown,2023-06-06 00:00:00
G984,M770,1,15,8,T150,T778,4.0,STANDARD_DOUBLES,Men's Doubles,Dura Fast 40,2024-11-09 00:00:00
G986,M772,1,15,13,T150,T780,4.0,STANDARD_DOUBLES,Men's Doubles,Dura Fast 40,2024-11-09 00:00:00
G971,M759,1,11,5,T150,T763,4.0,STANDARD_DOUBLES,Men's Doubles,Dura Fast 40,2024-10-22 00:00:00
G708,M513,1,11,4,T150,T143,4.0,STANDARD_DOUBLES,Men's Doubles,Dura Fast 40,2024-03-18 00:00:00
G707,M512,1,11,5,T150,T143,4.0,STANDARD_DOUBLES,Men's Doubles,Dura Fast 40,2024-03-18 00:00:00
G767,M570,1,11,8,T150,T451,4.0,STANDARD_DOUBLES,Men's Doubles,Dura Fast 40,2024-05-16 00:00:00
G402,M262,1,11,9,T150,T347,4.0,STANDARD_DOUBLES,Men's Doubles,Dura Fast 40,2023-11-02 00:00:00
G988,M774,1,15,11,T150,T782,4.0,STANDARD_DOUBLES,Men's Doubles,Dura Fast 40,2024-11-09 00:00:00
G763,M566,1,11,9,T150,T451,4.0,STANDARD_DOUBLES,Men's Doubles,Dura Fast 40,2024-05-16 00:00:00
G918,M708,1,11,7,T150,T459,4.0,STANDARD_DOUBLES,Men's Doubles,Dura Fast 40,2024-08-24 00:00:00
G459,M302,1,15,4,T150,T377,4.0,STANDARD_DOUBLES,Men's Doubles,Dura Fast 40,2023-11-04 00:00:00
G442,M291,1,15,7,T150,T372,4.0,STANDARD_DOUBLES,Men's Doubles,Dura Fast 40,2023-11-04 00:00:00
G909,M699,1,11,0,T150,T459,4.0,STANDARD_DOUBLES,Men's Doubles,Dura Fast 40,2024-08-24 00:00:00
G910,M700,1,11,9,T150,T459,4.0,STANDARD_DOUBLES,Men's Doubles,Dura Fast 40,2024-08-24 00:00:00
G387,M251,1,22,18,T150,T332,3.5,MLP_DOUBLES_2023,Men's Doubles,Dura Fast 40,2023-05-16 00:00:00
G284,M177,4,11,1,T151,T245,Pro,STANDARD_DOUBLES,Women's Doubles,Dura Fast 40,2023-08-19 00:00:00
G286,M177,2,11,5,T151,T245,Pro,STANDARD_DOUBLES,Women's Doubles,Dura Fast 40,2023-08-19 00:00:00
G294,M181,3,11,5,T151,T250,Pro,STANDARD_DOUBLES,Women's Doubles,Dura Fast 40,2023-08-18 00:00:00
G295,M181,2,11,8,T151,T250,Pro,STANDARD_DOUBLES,Women's Doubles,Dura Fast 40,2023-08-18 00:00:00
G285,M177,3,11,5,T151,T245,Pro,STANDARD_DOUBLES,Women's Doubles,Dura Fast 40,2023-08-19 00:00:00
G209,M113,2,11,7,T152,T155,5.0,STANDARD_DOUBLES,Mixed Doubles,Franklin X-40,2023-05-28 00:00:00
G208,M113,1,11,7,T152,T155,5.0,STANDARD_DOUBLES,Mixed Doubles,Franklin X-40,2023-05-28 00:00:00
G205,M112,1,11,7,T154,T7,Pro,STANDARD_DOUBLES,Men's Doubles,Franklin X-40,2022-11-12 00:00:00
G214,M112,3,11,7,T154,T7,Pro,STANDARD_DOUBLES,Men's Doubles,Franklin X-40,2022-11-12 00:00:00
G211,M115,1,15,11,T155,T152,5.0,STANDARD_DOUBLES,Mixed Doubles,Franklin X-40,2023-05-28 00:00:00
G213,M116,2,11,5,T158,T157,5.0,STANDARD_DOUBLES,Mixed Doubles,Franklin X-40,2023-05-28 00:00:00
G212,M116,1,16,14,T158,T157,5.0,STANDARD_DOUBLES,Mixed Doubles,Franklin X-40,2023-05-28 00:00:00
G1126,M868,3,15,13,T158,T850,5.0,STANDARD_DOUBLES,Mixed Doubles,Franklin X-40,2024-12-15 00:00:00
G230,M130,1,11,8,T159,T182,3.5,STANDARD_DOUBLES,Men's Doubles,Unknown,2023-06-09 00:00:00
G871,M663,1,15,3,T159,T678,3.5,STANDARD_DOUBLES,Men's Doubles,Dura Fast 40,2024-07-20 00:00:00
G870,M662,1,15,13,T159,T677,4.0,STANDARD_DOUBLES,Men's Doubles,Dura Fast 40,2024-07-20 00:00:00
G1104,M849,1,11,10,T159,T659,4.0,STANDARD_DOUBLES,Men's Doubles,Selkirk Pro S1,2024-12-07 00:00:00
G1201,M939,1,15,3,T159,T912,4.0,STANDARD_DOUBLES,Men's Doubles,Selkirk Pro S1,2025-03-15 00:00:00
G1198,M936,1,15,4,T159,T909,4.0,STANDARD_DOUBLES,Men's Doubles,Selkirk Pro S1,2025-03-15 00:00:00
G1112,M856,1,11,8,T159,T659,4.0,STANDARD_DOUBLES,Men's Doubles,Selkirk Pro S1,2024-12-07 00:00:00
G1113,M857,1,11,7,T159,T659,4.0,STANDARD_DOUBLES,Men's Doubles,Selkirk Pro S1,2024-12-07 00:00:00
G1197,M935,1,15,4,T159,T908,4.0,STANDARD_DOUBLES,Men's Doubles,Franklin X-40,2025-03-08 00:00:00
G1191,M931,1,15,0,T159,T902,4.0,STANDARD_DOUBLES,Men's Doubles,Franklin X-40,2025-03-08 00:00:00
G1136,M876,1,21,18,T159,T634,4.5,MLP_DOUBLES_2023_NO_FREEZE,Men's Doubles,Dura Fast 40,2024-12-28 00:00:00
G914,M704,1,11,8,T159,T634,4.0,STANDARD_DOUBLES,Men's Doubles,Dura Fast 40,2024-08-24 00:00:00
G912,M702,1,11,9,T159,T634,4.0,STANDARD_DOUBLES,Men's Doubles,Dura Fast 40,2024-08-24 00:00:00
G1190,M930,1,15,3,T159,T901,4.0,STANDARD_DOUBLES,Men's Doubles,Franklin X-40,2025-03-08 00:00:00
G1137,M877,1,21,17,T159,T634,4.5,MLP_DOUBLES_2023_NO_FREEZE,Men's Doubles,Dura Fast 40,2024-12-28 00:00:00
G857,M650,1,11,6,T159,T312,4.0,STANDARD_DOUBLES,Men's Doubles,Dura Fast 40,2024-06-19 00:00:00
G750,M553,1,15,8,T159,T597,4.0,STANDARD_DOUBLES,Men's Doubles,Dura Fast 40,2024-05-04 00:00:00
G749,M552,1,15,7,T159,T596,4.0,STANDARD_DOUBLES,Men's Doubles,Dura Fast 40,2024-05-04 00:00:00
G1157,M897,1,10,8,T159,T872,4.0,STANDARD_DOUBLES,Men's Doubles,Dura Fast 40,2025-01-29 00:00:00
G709,M514,1,11,1,T159,T567,4.0,STANDARD_DOUBLES,Men's Doubles,Dura Fast 40,2024-03-18 00:00:00
G1159,M899,1,11,6,T159,T872,4.0,STANDARD_DOUBLES,Men's Doubles,Franklin X-40,2025-01-29 00:00:00
G386,M250,1,23,16,T159,T331,3.5,MLP_DOUBLES_2023,Men's Doubles,Dura Fast 40,2023-05-16 00:00:00
G382,M246,1,15,2,T159,T325,3.5,STANDARD_DOUBLES,Men's Doubles,Franklin X-40,2023-10-21 00:00:00
G381,M245,1,15,4,T159,T324,3.5,STANDARD_DOUBLES,Men's Doubles,Franklin X-40,2023-10-21 00:00:00
G380,M244,1,15,3,T159,T323,3.5,STANDARD_DOUBLES,Men's Doubles,Franklin X-40,2023-10-21 00:00:00
G373,M237,1,11,9,T159,T322,4.0,STANDARD_DOUBLES,Men's Doubles,Franklin X-40,2023-10-18 00:00:00
G372,M236,1,11,7,T159,T322,4.0,STANDARD_DOUBLES,Men's Doubles,Franklin X-40,2023-10-18 00:00:00
G361,M227,1,15,9,T159,T321,3.5,STANDARD_DOUBLES,Men's Doubles,Franklin X-40,2023-10-21 00:00:00
G931,M721,1,11,8,T159,T732,4.5,STANDARD_DOUBLES,Men's Doubles,Dura Fast 40,2024-09-07 00:00:00
G1114,M858,1,11,8,T159,T321,4.0,STANDARD_DOUBLES,Men's Doubles,Selkirk Pro S1,2024-12-07 00:00:00
G487,M322,1,11,5,T159,T312,4.0,STANDARD_DOUBLES,Men's Doubles,Dura Fast 40,2023-11-01 00:00:00
G859,M652,1,11,8,T159,T312,4.0,STANDARD_DOUBLES,Men's Doubles,Dura Fast 40,2024-06-19 00:00:00
G374,M238,1,11,9,T159,T312,4.0,STANDARD_DOUBLES,Men's Doubles,Franklin X-40,2023-10-20 00:00:00
G366,M232,1,11,7,T159,T312,4.0,STANDARD_DOUBLES,Men's Doubles,Franklin X-40,2023-10-18 00:00:00
G637,M454,1,12,10,T159,T450,4.0,STANDARD_DOUBLES,Men's Doubles,Unknown,2024-01-13 00:00:00
G365,M231,1,11,9,T159,T312,4.0,STANDARD_DOUBLES,Men's Doubles,Franklin X-40,2023-10-18 00:00:00
G364,M230,1,11,4,T159,T312,4.0,STANDARD_DOUBLES,Men's Doubles,Franklin X-40,2023-10-18 00:00:00
G377,M241,1,11,5,T159,T312,4.0,STANDARD_DOUBLES,Men's Doubles,Franklin X-40,2023-10-20 00:00:00
G378,M242,1,11,5,T159,T312,4.0,STANDARD_DOUBLES,Men's Doubles,Franklin X-40,2023-10-20 00:00:00
G625,M445,1,11,9,T159,T450,4.0,STANDARD_DOUBLES,Men's Doubles,Unknown,2024-01-13 00:00:00
G623,M443,1,11,5,T159,T450,4.0,STANDARD_DOUBLES,Men's Doubles,Unknown,2024-01-13 00:00:00
G1133,M873,1,21,17,T159,T854,4.0,MLP_DOUBLES_2023_NO_FREEZE,Men's Doubles,Dura Fast 40,2024-12-28 00:00:00
G825,M624,1,11,7,T159,T312,4.0,STANDARD_DOUBLES,Men's Doubles,Dura Fast 40,2024-06-19 00:00:00
G824,M623,1,11,5,T159,T312,4.0,STANDARD_DOUBLES,Men's Doubles,Dura Fast 40,2024-06-19 00:00:00
G633,M450,1,12,10,T159,T450,4.0,STANDARD_DOUBLES,Men's Doubles,Unknown,2024-01-13 00:00:00
G493,M328,1,11,4,T159,T312,4.0,STANDARD_DOUBLES,Men's Doubles,Dura Fast 40,2023-11-01 00:00:00
G582,M409,1,11,7,T159,T450,4.0,STANDARD_DOUBLES,Men's Doubles,Dura Fast 40,2023-12-26 00:00:00
G362,M228,1,12,10,T159,T312,4.0,STANDARD_DOUBLES,Men's Doubles,Franklin X-40,2023-10-18 00:00:00
G640,M457,1,11,6,T159,T312,4.0,STANDARD_DOUBLES,Men's Doubles,Vulcan VPRO 1 Outdoor PPA Tour,2024-01-16 00:00:00
G636,M453,1,11,5,T159,T312,4.0,STANDARD_DOUBLES,Men's Doubles,Unknown,2024-01-16 00:00:00
G634,M451,1,11,5,T159,T312,4.0,STANDARD_DOUBLES,Men's Doubles,Unknown,2024-01-16 00:00:00
G537,M372,1,11,7,T159,T427,4.0,STANDARD_DOUBLES,Men's Doubles,Franklin X-40,2023-12-02 00:00:00
G494,M329,1,11,7,T159,T312,4.0,STANDARD_DOUBLES,Men's Doubles,Dura Fast 40,2023-11-01 00:00:00
G830,M629,1,11,2,T159,T312,4.0,STANDARD_DOUBLES,Men's Doubles,Dura Fast 40,2024-06-19 00:00:00
G506,M341,1,11,9,T159,T312,4.0,STANDARD_DOUBLES,Men's Doubles,Dura Fast 40,2023-11-10 00:00:00
G219,M121,1,11,0,T159,T167,3.5,STANDARD_DOUBLES,Men's Doubles,Unknown,2023-06-09 00:00:00
G220,M122,1,11,8,T159,T168,3.5,STANDARD_DOUBLES,Men's Doubles,Unknown,2023-06-09 00:00:00
G832,M631,1,11,8,T159,T312,4.0,STANDARD_DOUBLES,Men's Doubles,Dura Fast 40,2024-06-19 00:00:00
G504,M339,1,13,8,T159,T312,4.0,STANDARD_DOUBLES,Men's Doubles,Dura Fast 40,2023-11-10 00:00:00
G231,M131,1,11,2,T159,T183,3.5,STANDARD_DOUBLES,Men's Doubles,Unknown,2023-06-09 00:00:00
G232,M132,1,11,3,T159,T184,3.5,STANDARD_DOUBLES,Men's Doubles,Unknown,2023-06-09 00:00:00
G1110,M854,1,11,2,T159,T836,4.0,STANDARD_DOUBLES,Men's Doubles,Selkirk Pro S1,2024-12-07 00:00:00
G1108,M852,1,11,9,T159,T836,4.0,STANDARD_DOUBLES,Men's Doubles,Selkirk Pro S1,2024-12-07 00:00:00
G817,M616,1,11,5,T159,T312,4.0,STANDARD_DOUBLES,Men's Doubles,Franklin X-40,2024-06-13 00:00:00
G1103,M848,1,11,8,T159,T836,4.0,STANDARD_DOUBLES,Men's Doubles,Selkirk Pro S1,2024-12-07 00:00:00
G251,M150,1,11,4,T159,T210,3.5,STANDARD_DOUBLES,Men's Doubles,Dura Fast 40,2023-06-09 00:00:00
G252,M151,1,11,0,T159,T211,3.5,STANDARD_DOUBLES,Men's Doubles,Dura Fast 40,2023-06-09 00:00:00
G1102,M847,1,11,7,T159,T835,4.0,STANDARD_DOUBLES,Men's Doubles,Dura Fast 40,2024-12-06 00:00:00
G498,M333,1,11,6,T159,T312,4.0,STANDARD_DOUBLES,Men's Doubles,Dura Fast 40,2023-11-10 00:00:00
G497,M332,1,11,8,T159,T312,4.0,STANDARD_DOUBLES,Men's Doubles,Dura Fast 40,2023-11-10 00:00:00
G1135,M875,1,21,16,T159,T763,4.5,MLP_DOUBLES_2023_NO_FREEZE,Men's Doubles,Dura Fast 40,2024-12-28 00:00:00
G820,M619,1,11,9,T159,T312,4.0,STANDARD_DOUBLES,Men's Doubles,Franklin X-40,2024-06-13 00:00:00
G19,M11,1,12,10,T16,T15,Pro,STANDARD_DOUBLES,Women's Doubles,Dura Fast 40,2022-08-14 00:00:00
G215,M117,1,11,5,T160,T159,3.5,STANDARD_DOUBLES,Men's Doubles,Unknown,2023-06-09 00:00:00
G216,M118,1,15,11,T161,T162,Pro,STANDARD_DOUBLES,Mixed Doubles,Dura Fast 40,2023-06-11 00:00:00
G218,M120,1,15,10,T165,T166,5.0,STANDARD_DOUBLES,Mixed Doubles,Dura Fast 40,2023-06-18 00:00:00
G1151,M891,1,15,4,T168,T380,4.5,STANDARD_DOUBLES,Men's Doubles,Selkirk Pro S1,2025-01-18 00:00:00
G562,M395,1,11,9,T169,T449,4.5,STANDARD_DOUBLES,Doubles,Unknown,2023-12-20 00:00:00
G20,M12,1,16,12,T17,T18,Pro,STANDARD_DOUBLES,Men's Doubles,Unknown,2022-08-09 00:00:00
G222,M124,1,11,4,T171,T172,3.0,STANDARD_DOUBLES,Women's Doubles,Unknown,2023-06-15 00:00:00
G223,M124,2,11,1,T171,T172,3.0,STANDARD_DOUBLES,Women's Doubles,Unknown,2023-06-15 00:00:00
G225,M126,1,11,8,T174,T175,3.5,STANDARD_DOUBLES,Mixed Doubles,Unknown,2023-07-08 00:00:00
G226,M127,1,11,3,T177,T176,4.0,STANDARD_DOUBLES,Men's Doubles,Unknown,2023-07-08 00:00:00
G227,M127,2,11,4,T177,T176,4.0,STANDARD_DOUBLES,Men's Doubles,Unknown,2023-07-08 00:00:00
G228,M128,1,11,7,T179,T178,3.5,STANDARD_DOUBLES,Doubles,Unknown,2023-07-08 00:00:00
G21,M12,2,12,12,T18,T17,Pro,STANDARD_DOUBLES,Men's Doubles,Unknown,2022-08-09 00:00:00
G229,M129,1,15,12,T180,T181,4.5,STANDARD_DOUBLES,Men's Doubles,Unknown,2023-07-06 00:00:00
G243,M142,1,12,10,T186,T185,5.0,STANDARD_DOUBLES,Men's Doubles,Dura Fast 40,2023-07-01 00:00:00
G242,M142,2,11,3,T186,T185,Pro,STANDARD_DOUBLES,Men's Doubles,Dura Fast 40,2023-07-01 00:00:00
G234,M134,1,15,1,T187,T188,Pro,STANDARD_DOUBLES,Mixed Doubles,Franklin X-40,2022-11-11 00:00:00
G235,M135,1,15,8,T189,T190,5.0,STANDARD_DOUBLES,Men's Doubles,Unknown,2023-06-25 00:00:00
G241,M141,1,11,5,T191,T192,3.0,STANDARD_DOUBLES,Mixed Doubles,Franklin X-40,2023-07-11 00:00:00
G239,M139,1,22,20,T193,T194,Pro,MLP_DOUBLES_2023,Women's Doubles,Dura Fast 40,2023-06-15 00:00:00
G255,M154,1,22,20,T193,T214,Pro,MLP_DOUBLES_2023,Women's Doubles,Dura Fast 40,2023-06-15 00:00:00
G240,M140,1,21,7,T195,T85,Pro,MLP_DOUBLES_2023,Men's Doubles,Dura Fast 40,2023-06-15 00:00:00
G236,M136,1,15,12,T196,T197,5.0,STANDARD_DOUBLES,Doubles,CORE Pickleball Outdoor,2023-07-12 00:00:00
G237,M137,1,21,18,T198,T199,Pro,MLP_DOUBLES_2023,Mixed Doubles,Dura Fast 40,2023-06-15 00:00:00
G250,M149,1,21,18,T198,T209,Pro,MLP_DOUBLES_2023,Doubles,Dura Fast 40,2023-06-15 00:00:00
G244,M143,1,21,18,T201,T202,Pro,MLP_DOUBLES_2023,Mixed Doubles,Dura Fast 40,2023-06-15 00:00:00
G262,M160,1,23,21,T204,T223,Pro,MLP_DOUBLES_2023,Mixed Doubles,Dura Fast 40,2023-06-16 00:00:00
G254,M153,1,21,19,T204,T213,Pro,MLP_DOUBLES_2023,Mixed Doubles,Dura Fast 40,2023-06-15 00:00:00
G246,M145,1,21,17,T205,T204,Pro,MLP_DOUBLES_2023,Mixed Doubles,Dura Fast 40,2023-06-15 00:00:00
G248,M147,1,22,20,T207,T198,Pro,MLP_DOUBLES_2023,Mixed Doubles,Dura Fast 40,2023-06-16 00:00:00
G23,M14,1,17,12,T21,T20,Pro,STANDARD_DOUBLES,Women's Doubles,Unknown,2022-08-02 00:00:00
G266,M164,1,21,19,T214,T194,Pro,MLP_DOUBLES_2023,Women's Doubles,Dura Fast 40,2023-06-16 00:00:00
G256,M155,1,15,11,T215,T216,3.5,STANDARD_DOUBLES,Doubles,Franklin X-40,2023-07-31 00:00:00
G278,M173,1,21,17,T217,T195,Pro,MLP_DOUBLES_2023,Men's Doubles,Dura Fast 40,2023-06-16 00:00:00
G259,M157,2,10,4,T218,T219,4.5,STANDARD_DOUBLES,Men's Doubles,Franklin X-40,2023-07-31 00:00:00
G258,M157,1,9,4,T218,T219,4.5,STANDARD_DOUBLES,Men's Doubles,Franklin X-40,2023-07-31 00:00:00
G26,M15,3,11,4,T22,T23,Pro,STANDARD_DOUBLES,Men's Doubles,Unknown,2022-08-07 00:00:00
G54,M15,2,11,5,T22,T23,Pro,STANDARD_DOUBLES,Men's Doubles,Unknown,2022-08-07 00:00:00
G261,M159,1,13,11,T221,T222,4.5,STANDARD_DOUBLES,Men's Doubles,Franklin X-40,2023-08-05 00:00:00
G263,M161,1,21,10,T224,T201,Pro,MLP_DOUBLES_2023,Mixed Doubles,Dura Fast 40,2023-06-16 00:00:00
G264,M162,1,21,10,T225,T193,Pro,MLP_DOUBLES_2023,Women's Doubles,Dura Fast 40,2023-06-16 00:00:00
G265,M163,1,17,15,T226,T227,3.5,STANDARD_DOUBLES,Doubles,Franklin X-40,2023-08-04 00:00:00
G293,M166,2,11,6,T229,T230,4.5,STANDARD_DOUBLES,Mixed Doubles,Dura Fast 40,2023-08-06 00:00:00
G268,M166,1,11,3,T229,T230,4.5,STANDARD_DOUBLES,Mixed Doubles,Dura Fast 40,2023-08-06 00:00:00
G24,M15,1,11,7,T23,T22,Pro,STANDARD_DOUBLES,Men's Doubles,Unknown,2022-08-07 00:00:00
G270,M167,3,11,7,T231,T232,4.5,STANDARD_DOUBLES,Men's Doubles,Franklin X-40,2023-08-11 00:00:00
G271,M167,2,11,4,T231,T232,4.5,STANDARD_DOUBLES,Men's Doubles,Franklin X-40,2023-08-11 00:00:00
G269,M167,4,11,7,T232,T231,4.5,STANDARD_DOUBLES,Men's Doubles,Franklin X-40,2023-08-11 00:00:00
G272,M167,1,12,10,T232,T231,4.5,STANDARD_DOUBLES,Men's Doubles,Franklin X-40,2023-08-11 00:00:00
G273,M168,1,11,9,T233,T234,4.5,STANDARD_DOUBLES,Men's Doubles,Unknown,2023-05-09 00:00:00
G274,M169,1,11,10,T235,T236,4.5,STANDARD_DOUBLES,Men's Doubles,Unknown,2023-05-09 00:00:00
G591,M418,1,15,9,T237,T463,4.5,STANDARD_DOUBLES,Men's Doubles,Selkirk Pro S1,2023-12-31 00:00:00
G280,M174,2,11,9,T237,T238,5.0,STANDARD_DOUBLES,Men's Doubles,Franklin X-40,2023-08-12 00:00:00
G279,M174,3,11,4,T238,T237,5.0,STANDARD_DOUBLES,Men's Doubles,Franklin X-40,2023-08-12 00:00:00
G281,M174,1,12,10,T238,T237,5.0,STANDARD_DOUBLES,Men's Doubles,Franklin X-40,2023-08-12 00:00:00
G276,M171,1,11,10,T240,T239,4.5,STANDARD_DOUBLES,Men's Doubles,Unknown,2023-05-09 00:00:00
G277,M172,1,11,6,T241,T242,4.5,STANDARD_DOUBLES,Men's Doubles,Unknown,2023-05-09 00:00:00
G489,M324,1,11,1,T245,T393,Pro,STANDARD_DOUBLES,Doubles,Franklin X-40,2023-11-09 00:00:00
G291,M177,1,11,8,T245,T151,Pro,STANDARD_DOUBLES,Women's Doubles,Dura Fast 40,2023-08-19 00:00:00
G495,M330,1,11,3,T245,T393,Pro,STANDARD_DOUBLES,Doubles,Franklin X-40,2023-11-09 00:00:00
G924,M714,1,11,8,T245,T726,Pro,STANDARD_DOUBLES,Doubles,Vulcan VPRO 2,2024-08-29 00:00:00
G503,M338,1,11,4,T245,T398,Pro,STANDARD_DOUBLES,Women's Doubles,Franklin X-40,2023-11-10 00:00:00
G925,M715,1,11,5,T245,T726,Pro,STANDARD_DOUBLES,Doubles,Vulcan VPRO 2,2024-08-29 00:00:00
G911,M701,1,11,4,T245,T706,Pro,STANDARD_DOUBLES,Doubles,Vulcan VPRO 2,2024-08-24 00:00:00
G486,M321,1,11,7,T245,T393,Pro,STANDARD_DOUBLES,Doubles,Franklin X-40,2023-11-09 00:00:00
G289,M180,1,11,9,T249,T248,4.5,STANDARD_DOUBLES,Men's Doubles,Franklin X-40,2023-08-22 00:00:00
G292,M181,1,13,11,T250,T151,Pro,STANDARD_DOUBLES,Women's Doubles,Dura Fast 40,2023-08-18 00:00:00
G318,M198,2,11,6,T250,T279,Pro,STANDARD_DOUBLES,Women's Doubles,Dura Fast 40,2023-09-09 00:00:00
G319,M198,1,11,3,T250,T279,Pro,STANDARD_DOUBLES,Women's Doubles,Dura Fast 40,2023-09-09 00:00:00
G296,M183,1,11,5,T251,T252,5.0,STANDARD_DOUBLES,Men's Doubles,Dura Fast 40,2023-08-04 00:00:00
G298,M184,1,11,3,T254,T253,Pro,STANDARD_DOUBLES,Mixed Doubles,Dura Fast 40,2023-06-09 00:00:00
G297,M184,2,12,10,T254,T253,Pro,STANDARD_DOUBLES,Mixed Doubles,Dura Fast 40,2023-06-09 00:00:00
G301,M185,2,11,5,T256,T255,4.5,STANDARD_DOUBLES,Men's Doubles,Dura Fast 40,2023-08-26 00:00:00
G299,M185,1,11,7,T256,T255,4.5,STANDARD_DOUBLES,Men's Doubles,Dura Fast 40,2023-08-26 00:00:00
G300,M185,3,15,11,T256,T255,4.5,STANDARD_DOUBLES,Men's Doubles,Dura Fast 40,2023-08-26 00:00:00
G302,M186,1,16,14,T258,T257,Pro,MLP_DOUBLES_2023,Women's Doubles,Franklin X-40,2023-09-04 00:00:00
G303,M187,1,21,18,T259,T260,5.0,MLP_DOUBLES_2023,Mixed Doubles,Unknown,2023-09-04 00:00:00
G28,M17,1,11,8,T26,T25,Pro,STANDARD_DOUBLES,Men's Doubles,Dura Fast 40,2022-01-22 00:00:00
G30,M17,2,11,7,T26,T25,Senior Pro,STANDARD_DOUBLES,Men's Doubles,Dura Fast 40,2022-01-22 00:00:00
G304,M188,1,15,12,T262,T261,Pro,MLP_DOUBLES_2023,Men's Doubles,Franklin X-40,2022-08-20 00:00:00
G306,M190,1,21,13,T265,T264,5.0,MLP_DOUBLES_2023,Women's Doubles,Franklin X-40,2023-09-12 00:00:00
G307,M191,1,21,18,T267,T266,5.0,MLP_DOUBLES_2023,Men's Doubles,Franklin X-40,2023-09-12 00:00:00
G309,M192,2,12,10,T268,T269,5.0,STANDARD_DOUBLES,Men's Doubles,Dura Fast 40,2023-09-02 00:00:00
G310,M192,1,11,8,T269,T268,5.0,STANDARD_DOUBLES,Men's Doubles,Dura Fast 40,2023-09-02 00:00:00
G424,M281,1,11,3,T269,T363,Pro,STANDARD_DOUBLES,Men's Doubles,Dura Fast 40,2023-11-04 00:00:00
G308,M192,3,11,6,T269,T268,5.0,STANDARD_DOUBLES,Men's Doubles,Dura Fast 40,2023-09-02 00:00:00
G29,M18,1,11,8,T27,T12,5.0,STANDARD_DOUBLES,Doubles,Unknown,2022-09-04 00:00:00
G312,M193,2,11,9,T270,T271,5.0,STANDARD_DOUBLES,Men's Doubles,Dura Fast 40,2022-09-02 00:00:00
G311,M193,1,12,10,T271,T270,5.0,STANDARD_DOUBLES,Men's Doubles,Dura Fast 40,2022-09-02 00:00:00
G320,M197,1,11,6,T278,T132,Pro,STANDARD_DOUBLES,Mixed Doubles,Dura Fast 40,2023-09-09 00:00:00
G31,M19,1,11,8,T28,T29,4.5,STANDARD_DOUBLES,Women's Doubles,Dura Fast 40,2022-08-20 00:00:00
G323,M200,1,15,11,T282,T281,4.0,STANDARD_DOUBLES,Men's Doubles,Franklin X-40,2023-08-13 00:00:00
G324,M201,1,15,8,T283,T284,4.0,STANDARD_DOUBLES,Mixed Doubles,Franklin X-40,2023-08-12 00:00:00
G326,M202,1,11,8,T285,T286,4.5,STANDARD_DOUBLES,Men's Doubles,Unknown,2023-09-21 00:00:00
G325,M202,2,12,10,T286,T285,4.5,STANDARD_DOUBLES,Men's Doubles,Unknown,2023-09-21 00:00:00
G328,M204,1,13,11,T288,T289,3.0,STANDARD_DOUBLES,Doubles,Franklin X-40,2023-09-28 00:00:00
G339,M213,1,11,1,T290,T301,3.5,STANDARD_DOUBLES,Men's Doubles,Franklin X-40,2023-10-04 00:00:00
G329,M205,2,11,9,T291,T290,3.5,STANDARD_DOUBLES,Doubles,Franklin X-40,2023-09-28 00:00:00
G330,M205,1,11,6,T291,T290,3.5,STANDARD_DOUBLES,Doubles,Franklin X-40,2023-09-28 00:00:00
G333,M207,1,21,13,T292,T293,4.5,MLP_DOUBLES_2023,Men's Doubles,Franklin X-40,2023-09-30 00:00:00
G334,M208,1,21,15,T295,T294,4.5,MLP_DOUBLES_2023,Doubles,Franklin X-40,2023-09-30 00:00:00
G335,M209,1,21,8,T297,T296,4.5,MLP_DOUBLES_2023_NO_FREEZE,Doubles,Franklin X-40,2023-10-01 00:00:00
G337,M211,1,11,2,T298,T290,3.5,STANDARD_DOUBLES,Doubles,Franklin X-40,2023-10-04 00:00:00
G336,M210,1,11,3,T298,T290,3.5,STANDARD_DOUBLES,Doubles,Franklin X-40,2023-10-04 00:00:00
G338,M212,1,21,12,T299,T300,4.5,MLP_DOUBLES_2023,Doubles,Franklin X-40,2023-10-01 00:00:00
G22,M13,1,11,7,T3,T19,Pro,STANDARD_DOUBLES,Women's Doubles,Dura Fast 40,2022-05-07 00:00:00
G340,M214,1,11,3,T301,T290,3.5,STANDARD_DOUBLES,Men's Doubles,Franklin X-40,2023-10-04 00:00:00
G341,M215,1,11,7,T303,T302,4.0,STANDARD_DOUBLES,Men's Doubles,Franklin X-40,2023-10-11 00:00:00
G468,M286,3,11,7,T305,T369,4.0,STANDARD_DOUBLES,Men's Doubles,Franklin X-40,2023-11-01 00:00:00
G433,M286,1,11,8,T305,T369,4.0,STANDARD_DOUBLES,Men's Doubles,Franklin X-40,2023-11-01 00:00:00
G346,M218,1,11,5,T308,T309,4.5,STANDARD_DOUBLES,Men's Doubles,Franklin X-40,2023-10-11 00:00:00
G32,M20,1,11,5,T31,T30,Pro,STANDARD_DOUBLES,Women's Doubles,Dura Fast 40,2022-08-13 00:00:00
G33,M20,2,11,2,T31,T30,Pro,STANDARD_DOUBLES,Women's Doubles,Dura Fast 40,2022-08-13 00:00:00
G347,M219,1,12,10,T311,T310,Pro,STANDARD_DOUBLES,Men's Doubles,Dura Fast 40,2022-10-25 00:00:00
G505,M340,1,11,9,T312,T159,4.0,STANDARD_DOUBLES,Men's Doubles,Dura Fast 40,2023-11-10 00:00:00
G831,M630,1,11,4,T312,T159,4.0,STANDARD_DOUBLES,Men's Doubles,Dura Fast 40,2024-06-19 00:00:00
G492,M327,1,11,7,T312,T159,4.0,STANDARD_DOUBLES,Men's Doubles,Dura Fast 40,2023-11-01 00:00:00
G491,M326,1,11,8,T312,T159,4.0,STANDARD_DOUBLES,Men's Doubles,Dura Fast 40,2023-11-01 00:00:00
G488,M323,1,12,10,T312,T159,4.0,STANDARD_DOUBLES,Men's Doubles,Dura Fast 40,2023-11-01 00:00:00
G818,M617,1,11,5,T312,T159,4.0,STANDARD_DOUBLES,Men's Doubles,Franklin X-40,2024-06-13 00:00:00
G819,M618,1,11,7,T312,T646,4.0,STANDARD_DOUBLES,Men's Doubles,Franklin X-40,2024-06-13 00:00:00
G639,M456,1,11,2,T312,T159,4.0,STANDARD_DOUBLES,Men's Doubles,Vulcan VPRO 1 Outdoor PPA Tour,2024-01-16 00:00:00
G858,M651,1,13,11,T312,T159,4.0,STANDARD_DOUBLES,Men's Doubles,Dura Fast 40,2024-06-19 00:00:00
G816,M615,1,11,5,T312,T646,4.0,STANDARD_DOUBLES,Men's Doubles,Franklin X-40,2024-06-13 00:00:00
G375,M239,1,11,6,T312,T159,4.0,STANDARD_DOUBLES,Men's Doubles,Franklin X-40,2023-10-20 00:00:00
G367,M233,1,11,0,T312,T159,4.0,STANDARD_DOUBLES,Men's Doubles,Franklin X-40,2023-10-18 00:00:00
G649,M464,1,11,9,T312,T159,4.0,STANDARD_DOUBLES,Men's Doubles,Vulcan VPRO 1 Outdoor PPA Tour,2024-01-16 00:00:00
G379,M243,1,11,8,T312,T159,4.0,STANDARD_DOUBLES,Men's Doubles,Franklin X-40,2023-10-20 00:00:00
G363,M229,1,11,5,T312,T159,4.0,STANDARD_DOUBLES,Men's Doubles,Franklin X-40,2023-10-18 00:00:00
G376,M240,1,11,6,T312,T159,4.0,STANDARD_DOUBLES,Men's Doubles,Franklin X-40,2023-10-20 00:00:00
G821,M620,1,11,8,T312,T144,4.0,STANDARD_DOUBLES,Men's Doubles,Franklin X-40,2024-06-13 00:00:00
G641,M458,1,11,7,T312,T159,4.0,STANDARD_DOUBLES,Men's Doubles,Vulcan VPRO 1 Outdoor PPA Tour,2024-01-16 00:00:00
G351,M221,1,11,7,T313,T314,4.0,STANDARD_DOUBLES,Men's Doubles,Franklin X-40,2023-10-18 00:00:00
G350,M221,2,11,7,T314,T313,4.0,STANDARD_DOUBLES,Men's Doubles,Franklin X-40,2023-10-18 00:00:00
G349,M221,3,11,6,T314,T313,4.0,STANDARD_DOUBLES,Men's Doubles,Franklin X-40,2023-10-18 00:00:00
G357,M223,1,11,4,T316,T315,4.0,STANDARD_DOUBLES,Men's Doubles,Unknown,2023-10-18 00:00:00
G360,M226,1,11,7,T317,T318,4.5,STANDARD_DOUBLES,Doubles,Unknown,2023-10-19 00:00:00
G358,M224,1,11,7,T317,T318,4.5,STANDARD_DOUBLES,Doubles,Unknown,2023-10-14 00:00:00
G368,M234,1,8,7,T317,T318,4.5,STANDARD_DOUBLES,Doubles,Unknown,2023-10-19 00:00:00
G369,M225,3,12,10,T319,T320,5.0,STANDARD_DOUBLES,Men's Doubles,CORE Pickleball Outdoor,2023-10-18 00:00:00
G359,M225,1,11,8,T319,T320,5.0,STANDARD_DOUBLES,Men's Doubles,CORE Pickleball Outdoor,2023-10-18 00:00:00
G67,M35,2,11,7,T32,T50,5.0,STANDARD_DOUBLES,Men's Doubles,Unknown,2023-01-07 00:00:00
G83,M42,1,11,8,T32,T64,5.0,STANDARD_DOUBLES,Men's Doubles,Unknown,2023-02-05 00:00:00
G38,M24,2,12,10,T32,T38,5.0,STANDARD_DOUBLES,Men's Doubles,Dura Fast 40,2022-10-11 00:00:00
G66,M35,1,11,6,T32,T50,5.0,STANDARD_DOUBLES,Men's Doubles,Unknown,2023-01-07 00:00:00
G224,M125,1,15,13,T32,T173,5.0,STANDARD_DOUBLES,Men's Doubles,Dura Fast 40,2023-06-18 00:00:00
G370,M225,2,11,9,T320,T319,5.0,STANDARD_DOUBLES,Men's Doubles,CORE Pickleball Outdoor,2023-10-18 00:00:00
G554,M387,1,15,9,T320,T446,5.0,STANDARD_DOUBLES,Men's Doubles,Dura Fast 40,2023-12-14 00:00:00
G1106,M851,1,11,8,T321,T159,4.0,STANDARD_DOUBLES,Men's Doubles,Selkirk Pro S1,2024-12-07 00:00:00
G371,M235,1,12,10,T322,T159,4.0,STANDARD_DOUBLES,Men's Doubles,Franklin X-40,2023-10-18 00:00:00
G576,M406,1,12,10,T322,T159,4.0,STANDARD_DOUBLES,Men's Doubles,Franklin X-40,2023-12-23 00:00:00
G383,M247,1,15,7,T326,T159,4.0,STANDARD_DOUBLES,Men's Doubles,Franklin X-40,2023-10-21 00:00:00
G384,M248,1,15,11,T328,T327,4.0,STANDARD_DOUBLES,Men's Doubles,Other,2023-10-21 00:00:00
G385,M249,1,15,4,T329,T330,4.0,STANDARD_DOUBLES,Doubles,Franklin X-40,2023-10-25 00:00:00
G34,M21,1,15,9,T33,T32,4.5,STANDARD_DOUBLES,Men's Doubles,Dura Fast 40,2022-07-23 00:00:00
G388,M252,1,21,12,T333,T334,3.5,MLP_DOUBLES_2023,Men's Doubles,Dura Fast 40,2023-05-16 00:00:00
G389,M253,1,15,6,T335,T336,4.0,STANDARD_DOUBLES,Doubles,Franklin X-40,2023-10-25 00:00:00
G397,M254,4,11,4,T337,T338,4.0,STANDARD_DOUBLES,Men's Doubles,Franklin X-40,2023-10-02 00:00:00
G435,M254,5,11,7,T337,T338,4.0,STANDARD_DOUBLES,Men's Doubles,Franklin X-40,2023-10-02 00:00:00
G390,M254,1,13,11,T337,T338,4.0,STANDARD_DOUBLES,Men's Doubles,Franklin X-40,2023-10-01 00:00:00
G473,M254,6,11,9,T337,T338,4.0,STANDARD_DOUBLES,Men's Doubles,Franklin X-40,2023-10-02 00:00:00
G391,M254,2,11,8,T338,T337,4.0,STANDARD_DOUBLES,Men's Doubles,Franklin X-40,2023-10-01 00:00:00
G393,M254,3,11,8,T338,T337,4.0,STANDARD_DOUBLES,Men's Doubles,Franklin X-40,2023-10-02 00:00:00
G392,M255,1,15,6,T340,T339,4.0,STANDARD_DOUBLES,Doubles,Franklin X-40,2023-10-25 00:00:00
G396,M256,2,8,5,T342,T341,4.0,STANDARD_DOUBLES,Men's Doubles,Dura Fast 40,2023-10-28 00:00:00
G394,M256,1,11,9,T342,T341,4.0,STANDARD_DOUBLES,Men's Doubles,Dura Fast 40,2023-10-28 00:00:00
G395,M257,1,11,7,T343,T344,4.0,STANDARD_DOUBLES,Men's Doubles,Unknown,2023-10-30 00:00:00
G398,M258,1,21,20,T345,T346,3.5,MLP_DOUBLES_2023,Men's Doubles,Dura Fast 40,2023-05-16 00:00:00
G399,M259,1,11,3,T348,T347,4.0,STANDARD_DOUBLES,Men's Doubles,Dura Fast 40,2023-11-02 00:00:00
G35,M22,1,15,12,T35,T34,Pro,STANDARD_DOUBLES,Men's Doubles,Dura Fast 40,2023-10-18 00:00:00
G422,M274,1,11,2,T354,T355,5.0,STANDARD_DOUBLES,Women's Doubles,Dura Fast 40,2023-11-05 00:00:00
G415,M274,2,11,5,T354,T355,5.0,STANDARD_DOUBLES,Women's Doubles,Dura Fast 40,2023-11-05 00:00:00
G417,M276,1,11,5,T357,T358,Pro,STANDARD_DOUBLES,Men's Doubles,Franklin X-40,2022-11-12 00:00:00
G36,M23,2,11,6,T36,T37,4.5,STANDARD_DOUBLES,Men's Doubles,Franklin X-40,2022-09-18 00:00:00
G37,M23,1,11,4,T36,T37,4.5,STANDARD_DOUBLES,Men's Doubles,Franklin X-40,2022-09-18 00:00:00
G418,M277,1,11,8,T360,T359,2.5,STANDARD_DOUBLES,Men's Doubles,Franklin X-40,2023-11-03 00:00:00
G897,M689,1,11,7,T361,T713,4.0,STANDARD_DOUBLES,Men's Doubles,Franklin X-40,2024-08-15 00:00:00
G902,M694,1,11,5,T361,T713,4.0,STANDARD_DOUBLES,Men's Doubles,Franklin X-40,2024-08-15 00:00:00
G462,M281,2,11,2,T363,T269,Pro,STANDARD_DOUBLES,Men's Doubles,Dura Fast 40,2023-11-04 00:00:00
G478,M281,3,11,5,T363,T269,5.0,STANDARD_DOUBLES,Men's Doubles,Dura Fast 40,2023-11-04 00:00:00
G482,M318,1,11,1,T365,T364,4.0,STANDARD_DOUBLES,Doubles,Unknown,2023-10-01 00:00:00
G431,M285,1,11,6,T367,T368,5.0,STANDARD_DOUBLES,Men's Doubles,Dura Fast 40,2023-11-05 00:00:00
G430,M285,2,11,2,T367,T368,5.0,STANDARD_DOUBLES,Men's Doubles,Dura Fast 40,2023-11-05 00:00:00
G465,M286,2,11,8,T369,T305,4.0,STANDARD_DOUBLES,Men's Doubles,Franklin X-40,2023-11-01 00:00:00
G484,M320,2,11,4,T373,T392,5.0,STANDARD_DOUBLES,Mixed Doubles,Dura Fast 40,2023-11-05 00:00:00
G485,M320,1,11,6,T373,T392,5.0,STANDARD_DOUBLES,Mixed Doubles,Dura Fast 40,2023-11-05 00:00:00
G444,M292,1,11,9,T374,T373,5.0,STANDARD_DOUBLES,Mixed Doubles,Dura Fast 40,2023-11-05 00:00:00
G443,M292,2,11,5,T374,T373,5.0,STANDARD_DOUBLES,Mixed Doubles,Dura Fast 40,2023-11-05 00:00:00
G476,M313,1,15,8,T377,T380,4.0,STANDARD_DOUBLES,Men's Doubles,Dura Fast 40,2023-11-04 00:00:00
G460,M303,1,15,11,T378,T150,4.0,STANDARD_DOUBLES,Men's Doubles,Dura Fast 40,2023-11-04 00:00:00
G461,M304,1,15,5,T379,T150,4.0,STANDARD_DOUBLES,Men's Doubles,Dura Fast 40,2023-11-04 00:00:00
G40,M24,3,11,9,T38,T32,5.0,STANDARD_DOUBLES,Men's Doubles,Dura Fast 40,2022-10-11 00:00:00
G39,M24,1,11,9,T38,T32,5.0,STANDARD_DOUBLES,Men's Doubles,Dura Fast 40,2022-10-11 00:00:00
G1148,M888,1,15,7,T380,T864,4.0,STANDARD_DOUBLES,Men's Doubles,Selkirk Pro S1,2025-01-18 00:00:00
G1149,M889,1,15,4,T380,T865,4.0,STANDARD_DOUBLES,Men's Doubles,Selkirk Pro S1,2025-01-18 00:00:00
G463,M305,1,11,9,T380,T381,4.0,STANDARD_DOUBLES,Men's Doubles,Dura Fast 40,2023-11-02 00:00:00
G483,M319,1,12,10,T380,T381,4.0,STANDARD_DOUBLES,Men's Doubles,Dura Fast 40,2023-11-02 00:00:00
G480,M316,1,15,7,T380,T389,4.0,STANDARD_DOUBLES,Men's Doubles,Dura Fast 40,2023-11-04 00:00:00
G1147,M887,1,16,14,T380,T863,4.5,STANDARD_DOUBLES,Men's Doubles,Selkirk Pro S1,2025-01-18 00:00:00
G917,M707,1,11,7,T381,T456,4.0,STANDARD_DOUBLES,Men's Doubles,Dura Fast 40,2024-08-24 00:00:00
G768,M571,1,11,6,T381,T460,4.0,STANDARD_DOUBLES,Men's Doubles,Dura Fast 40,2024-05-16 00:00:00
G769,M572,1,11,7,T381,T460,4.0,STANDARD_DOUBLES,Men's Doubles,Dura Fast 40,2024-05-16 00:00:00
G651,M466,1,15,6,T381,T144,4.0,STANDARD_DOUBLES,Men's Doubles,Dura Fast 40,2024-01-20 00:00:00
G469,M309,1,11,9,T381,T380,4.0,STANDARD_DOUBLES,Men's Doubles,Dura Fast 40,2023-11-02 00:00:00
G711,M516,1,12,10,T381,T568,4.0,STANDARD_DOUBLES,Men's Doubles,Dura Fast 40,2024-03-18 00:00:00
G466,M307,1,15,1,T382,T380,5.0,STANDARD_DOUBLES,Men's Doubles,Dura Fast 40,2023-11-04 00:00:00
G467,M308,1,15,5,T383,T380,4.5,STANDARD_DOUBLES,Men's Doubles,Dura Fast 40,2023-11-04 00:00:00
G474,M312,2,11,2,T385,T384,5.0,STANDARD_DOUBLES,Women's Doubles,Dura Fast 40,2023-11-05 00:00:00
G475,M312,1,11,4,T385,T384,5.0,STANDARD_DOUBLES,Women's Doubles,Dura Fast 40,2023-11-05 00:00:00
G477,M314,1,15,3,T386,T380,4.5,STANDARD_DOUBLES,Men's Doubles,Dura Fast 40,2023-11-04 00:00:00
G479,M315,1,13,1,T388,T387,4.0,STANDARD_DOUBLES,Doubles,Unknown,2023-10-01 00:00:00
G41,M25,1,11,2,T39,T40,5.0,STANDARD_DOUBLES,Men's Doubles,Dura Fast 40,2022-10-08 00:00:00
G42,M25,3,13,11,T39,T40,5.0,STANDARD_DOUBLES,Men's Doubles,Dura Fast 40,2022-10-08 00:00:00
G481,M317,1,5,5,T391,T390,4.0,STANDARD_DOUBLES,Doubles,Unknown,2023-10-01 00:00:00
G490,M325,1,9,6,T395,T394,3.5,STANDARD_DOUBLES,Men's Doubles,Franklin X-40,2023-11-09 00:00:00
G496,M331,1,15,8,T396,T397,5.0,STANDARD_DOUBLES,Men's Doubles,Other,2023-11-12 00:00:00
G999,M783,1,11,6,T397,T126,5.0,STANDARD_DOUBLES,Men's Doubles,Franklin X-40,2024-11-15 00:00:00
G1002,M784,1,12,10,T397,T784,5.0,STANDARD_DOUBLES,Men's Doubles,Franklin X-40,2024-11-15 00:00:00
G566,M399,1,11,3,T397,T454,4.5,STANDARD_DOUBLES,Men's Doubles,Franklin X-40,2023-12-09 00:00:00
G1000,M784,3,11,5,T397,T784,5.0,STANDARD_DOUBLES,Men's Doubles,Franklin X-40,2024-11-15 00:00:00
G568,M399,2,11,0,T397,T454,4.5,STANDARD_DOUBLES,Men's Doubles,Franklin X-40,2023-12-09 00:00:00
G565,M398,1,15,12,T397,T453,4.5,STANDARD_DOUBLES,Men's Doubles,Franklin X-40,2023-12-09 00:00:00
G501,M336,1,11,5,T398,T245,Pro,STANDARD_DOUBLES,Women's Doubles,Franklin X-40,2023-11-10 00:00:00
G502,M337,1,11,4,T398,T245,Pro,STANDARD_DOUBLES,Women's Doubles,Franklin X-40,2023-11-10 00:00:00
G499,M334,1,11,8,T398,T245,Pro,STANDARD_DOUBLES,Women's Doubles,Franklin X-40,2023-11-10 00:00:00
G500,M335,1,11,6,T399,T397,5.0,STANDARD_DOUBLES,Men's Doubles,Other,2023-11-12 00:00:00
G47,M27,1,15,10,T40,T41,5.0,STANDARD_DOUBLES,Men's Doubles,Dura Fast 40,2022-10-30 00:00:00
G43,M25,2,11,5,T40,T39,5.0,STANDARD_DOUBLES,Men's Doubles,Dura Fast 40,2022-10-08 00:00:00
G99,M50,1,15,13,T40,T32,4.5,STANDARD_DOUBLES,Men's Doubles,Dura Fast 40,2023-02-18 00:00:00
G507,M342,1,11,9,T400,T66,Pro,STANDARD_DOUBLES,Women's Doubles,Dura Fast 40,2023-04-08 00:00:00
G529,M364,1,2,1,T401,T319,5.0,STANDARD_DOUBLES,Men's Doubles,Dura Fast 40,2023-11-12 00:00:00
G509,M344,1,11,8,T406,T405,4.0,STANDARD_DOUBLES,Doubles,CORE Pickleball Outdoor,2023-11-18 00:00:00
G522,M357,1,12,10,T408,T407,4.0,STANDARD_DOUBLES,Men's Doubles,Franklin X-40,2023-11-24 00:00:00
G510,M345,1,11,8,T408,T407,4.0,STANDARD_DOUBLES,Men's Doubles,Franklin X-40,2023-11-24 00:00:00
G519,M354,1,11,1,T408,T407,4.0,STANDARD_DOUBLES,Men's Doubles,Franklin X-40,2023-11-24 00:00:00
G517,M352,1,11,3,T408,T407,4.0,STANDARD_DOUBLES,Men's Doubles,Franklin X-40,2023-11-24 00:00:00
G547,M380,1,11,6,T41,T436,5.0,STANDARD_DOUBLES,Men's Doubles,Franklin X-40,2023-12-02 00:00:00
G545,M380,2,11,3,T41,T436,5.0,STANDARD_DOUBLES,Men's Doubles,Franklin X-40,2023-12-02 00:00:00
G137,M77,3,11,4,T41,T105,5.0,STANDARD_DOUBLES,Men's Doubles,Unknown,2023-03-20 00:00:00
G553,M386,1,11,4,T41,T105,5.0,STANDARD_DOUBLES,Men's Doubles,Dura Fast 40,2022-05-14 00:00:00
G599,M424,1,11,2,T410,T464,4.0,STANDARD_DOUBLES,Men's Doubles,Dura Fast 40,2023-12-28 00:00:00
G598,M423,1,11,7,T410,T464,4.0,STANDARD_DOUBLES,Men's Doubles,Dura Fast 40,2023-12-28 00:00:00
G511,M346,1,11,7,T410,T409,4.0,STANDARD_DOUBLES,Men's Doubles,Franklin X-40,2023-11-24 00:00:00
G518,M353,1,11,7,T410,T409,4.0,STANDARD_DOUBLES,Men's Doubles,Franklin X-40,2023-11-24 00:00:00
G513,M348,1,11,5,T410,T409,4.0,STANDARD_DOUBLES,Men's Doubles,Franklin X-40,2023-11-24 00:00:00
G589,M416,1,11,8,T410,T450,4.0,STANDARD_DOUBLES,Men's Doubles,Franklin X-40,2023-12-28 00:00:00
G588,M415,1,11,9,T410,T450,4.0,STANDARD_DOUBLES,Men's Doubles,Franklin X-40,2023-12-28 00:00:00
G593,M420,1,12,10,T410,T450,4.0,STANDARD_DOUBLES,Men's Doubles,Dura Fast 40,2023-12-28 00:00:00
G996,M782,1,11,5,T410,T767,4.5,STANDARD_DOUBLES,Men's Doubles,Dura Fast 40,2024-11-12 00:00:00
G512,M347,1,11,5,T410,T409,4.0,STANDARD_DOUBLES,Men's Doubles,Franklin X-40,2023-11-24 00:00:00
G887,M679,1,12,10,T410,T381,4.0,STANDARD_DOUBLES,Men's Doubles,Franklin X-40,2024-08-07 00:00:00
G592,M419,1,11,4,T410,T464,4.0,STANDARD_DOUBLES,Men's Doubles,Dura Fast 40,2023-12-28 00:00:00
G777,M580,1,11,9,T411,T625,4.0,STANDARD_DOUBLES,Men's Doubles,Dura Fast 40,2024-05-17 00:00:00
G542,M377,1,11,7,T411,T435,4.0,STANDARD_DOUBLES,Men's Doubles,Franklin X-40,2023-12-09 00:00:00
G543,M378,1,11,2,T411,T435,4.0,STANDARD_DOUBLES,Men's Doubles,Franklin X-40,2023-12-09 00:00:00
G731,M536,1,11,5,T411,T587,4.0,STANDARD_DOUBLES,Men's Doubles,Franklin X-40,2024-04-05 00:00:00
G778,M581,1,11,9,T411,T625,4.0,STANDARD_DOUBLES,Men's Doubles,Dura Fast 40,2024-05-17 00:00:00
G776,M579,1,8,8,T411,T435,4.0,STANDARD_DOUBLES,Men's Doubles,Dura Fast 40,2024-05-17 00:00:00
G520,M355,1,15,13,T411,T412,4.0,STANDARD_DOUBLES,Men's Doubles,Franklin X-40,2024-11-23 00:00:00
G521,M356,1,11,5,T411,T412,4.0,STANDARD_DOUBLES,Men's Doubles,Franklin X-40,2023-11-24 00:00:00
G516,M351,1,12,10,T411,T412,4.0,STANDARD_DOUBLES,Men's Doubles,Franklin X-40,2023-11-24 00:00:00
G514,M349,1,11,8,T412,T411,4.0,STANDARD_DOUBLES,Men's Doubles,Franklin X-40,2023-11-24 00:00:00
G515,M350,1,11,9,T412,T411,4.0,STANDARD_DOUBLES,Men's Doubles,Franklin X-40,2023-11-24 00:00:00
G525,M360,1,21,18,T413,T414,5.0,MLP_DOUBLES_2023,Men's Doubles,Other,2023-11-19 00:00:00
G526,M361,1,21,18,T416,T415,5.0,MLP_DOUBLES_2023,Women's Doubles,Other,2023-11-19 00:00:00
G527,M362,1,21,12,T417,T418,5.0,MLP_DOUBLES_2023,Mixed Doubles,Other,2023-11-19 00:00:00
G1127,M869,3,12,10,T419,T851,5.5,STANDARD_DOUBLES,Mixed Doubles,Franklin X-40,2024-12-15 00:00:00
G528,M363,1,21,18,T419,T420,5.0,MLP_DOUBLES_2023,Mixed Doubles,Other,2023-11-19 00:00:00
G1129,M869,1,11,1,T419,T851,5.5,STANDARD_DOUBLES,Mixed Doubles,Franklin X-40,2024-12-15 00:00:00
G48,M28,1,11,6,T42,T43,Pro,STANDARD_DOUBLES,Men's Doubles,Dura Fast 40,2022-10-22 00:00:00
G530,M365,1,15,10,T421,T422,3.5,STANDARD_DOUBLES,Mixed Doubles,Dura Fast 40,2023-11-05 00:00:00
G531,M366,1,11,10,T423,T159,4.0,STANDARD_DOUBLES,Men's Doubles,Unknown,2023-12-02 00:00:00
G532,M367,1,11,7,T424,T159,4.0,STANDARD_DOUBLES,Men's Doubles,Unknown,2023-12-02 00:00:00
G533,M368,1,11,7,T425,T159,4.0,STANDARD_DOUBLES,Men's Doubles,Unknown,2023-12-02 00:00:00
G534,M369,1,11,7,T426,T159,4.0,STANDARD_DOUBLES,Men's Doubles,Unknown,2023-12-02 00:00:00
G536,M371,1,11,6,T427,T159,4.0,STANDARD_DOUBLES,Men's Doubles,Franklin X-40,2023-12-02 00:00:00
G535,M370,1,11,9,T427,T159,4.0,STANDARD_DOUBLES,Men's Doubles,Franklin X-40,2023-12-02 00:00:00
G539,M374,1,15,7,T428,T430,4.5,STANDARD_DOUBLES,Men's Doubles,Franklin X-40,2023-12-02 00:00:00
G538,M373,1,11,5,T428,T429,4.5,STANDARD_DOUBLES,Men's Doubles,Franklin X-40,2023-12-02 00:00:00
G49,M28,3,11,4,T43,T42,Pro,STANDARD_DOUBLES,Men's Doubles,Dura Fast 40,2022-10-22 00:00:00
G50,M28,2,11,5,T43,T42,Pro,STANDARD_DOUBLES,Men's Doubles,Dura Fast 40,2022-10-22 00:00:00
G540,M375,1,10,9,T432,T431,4.5,STANDARD_DOUBLES,Men's Doubles,Franklin X-40,2023-12-08 00:00:00
G541,M376,1,11,11,T434,T433,4.5,STANDARD_DOUBLES,Men's Doubles,Franklin X-40,2023-12-08 00:00:00
G781,M584,1,15,12,T435,T410,4.0,STANDARD_DOUBLES,Men's Doubles,Dura Fast 40,2024-05-17 00:00:00
G544,M379,1,11,6,T435,T411,4.0,STANDARD_DOUBLES,Men's Doubles,Franklin X-40,2023-12-09 00:00:00
G548,M381,1,11,7,T437,T438,3.5,STANDARD_DOUBLES,Doubles,Franklin X-40,2023-12-09 00:00:00
G549,M382,1,11,4,T437,T439,3.5,STANDARD_DOUBLES,Mixed Doubles,Franklin X-40,2023-12-09 00:00:00
G719,M524,1,11,8,T438,T456,4.0,STANDARD_DOUBLES,Men's Doubles,Franklin X-40,2024-04-05 00:00:00
G804,M607,1,21,16,T438,T464,4.0,MLP_DOUBLES_2024,Men's Doubles,Vulcan VPRO 1 Outdoor PPA Tour,2024-05-27 00:00:00
G799,M602,1,21,18,T438,T635,4.0,MLP_DOUBLES_2023_NO_FREEZE,Men's Doubles,Vulcan VPRO 1 Outdoor PPA Tour,2024-05-27 00:00:00
G558,M391,1,11,9,T439,T438,3.5,STANDARD_DOUBLES,Doubles,Franklin X-40,2023-12-09 00:00:00
G583,M410,1,11,9,T439,T437,3.5,STANDARD_DOUBLES,Mixed Doubles,Dura Fast 40,2023-12-26 00:00:00
G55,M30,1,15,11,T44,T45,4.0,STANDARD_DOUBLES,Women's Doubles,Dura Fast 40,2022-10-30 00:00:00
G559,M392,1,13,11,T441,T440,4.5,STANDARD_DOUBLES,Men's Doubles,Franklin X-40,2023-12-10 00:00:00
G561,M394,1,11,8,T443,T442,4.5,STANDARD_DOUBLES,Men's Doubles,Franklin X-40,2023-12-10 00:00:00
G560,M393,1,11,9,T444,T445,4.5,STANDARD_DOUBLES,Men's Doubles,Franklin X-40,2023-12-10 00:00:00
G556,M389,1,11,2,T447,T448,5.0,STANDARD_DOUBLES,Mixed Doubles,Dura Fast 40,2023-12-15 00:00:00
G557,M390,1,12,10,T448,T447,5.0,STANDARD_DOUBLES,Mixed Doubles,Dura Fast 40,2023-12-15 00:00:00
G555,M388,1,11,8,T448,T447,5.0,STANDARD_DOUBLES,Mixed Doubles,Dura Fast 40,2023-12-15 00:00:00
G571,M395,2,11,4,T449,T169,4.5,STANDARD_DOUBLES,Doubles,Unknown,2023-12-20 00:00:00
G570,M395,3,12,10,T449,T169,4.5,STANDARD_DOUBLES,Doubles,Unknown,2023-12-20 00:00:00
G587,M414,1,11,2,T450,T410,4.0,STANDARD_DOUBLES,Men's Doubles,Dura Fast 40,2023-12-28 00:00:00
G631,M448,1,11,6,T450,T159,4.0,STANDARD_DOUBLES,Men's Doubles,Unknown,2024-01-13 00:00:00
G573,M403,1,11,9,T450,T159,4.0,STANDARD_DOUBLES,Men's Doubles,Franklin X-40,2023-12-23 00:00:00
G586,M413,1,11,7,T450,T410,4.0,STANDARD_DOUBLES,Men's Doubles,Dura Fast 40,2023-12-28 00:00:00
G563,M396,1,11,8,T450,T159,4.0,STANDARD_DOUBLES,Men's Doubles,Franklin X-40,2023-12-23 00:00:00
G624,M444,1,11,2,T450,T159,4.0,STANDARD_DOUBLES,Men's Doubles,Unknown,2024-01-13 00:00:00
G581,M408,1,11,6,T450,T159,4.0,STANDARD_DOUBLES,Men's Doubles,Dura Fast 40,2023-12-26 00:00:00
G572,M402,1,11,6,T451,T456,4.0,STANDARD_DOUBLES,Men's Doubles,Franklin X-40,2023-12-23 00:00:00
G574,M404,1,11,9,T451,T456,4.0,STANDARD_DOUBLES,Men's Doubles,Franklin X-40,2023-12-23 00:00:00
G564,M397,1,11,3,T451,T452,4.0,STANDARD_DOUBLES,Men's Doubles,Franklin X-40,2023-12-23 00:00:00
G1160,M900,1,11,7,T451,T873,4.0,STANDARD_DOUBLES,Men's Doubles,Franklin X-40,2025-01-27 00:00:00
G1100,M845,1,11,10,T456,T831,4.0,STANDARD_DOUBLES,Men's Doubles,Franklin X-40,2024-11-30 00:00:00
G569,M401,1,15,5,T456,T451,4.0,STANDARD_DOUBLES,Men's Doubles,Franklin X-40,2023-12-23 00:00:00
G1184,M924,1,11,3,T456,T900,4.0,STANDARD_DOUBLES,Men's Doubles,Franklin X-40,2025-02-25 00:00:00
G1185,M925,1,11,9,T456,T900,4.0,STANDARD_DOUBLES,Men's Doubles,Franklin X-40,2025-02-20 00:00:00
G1095,M842,1,11,9,T456,T831,4.0,STANDARD_DOUBLES,Men's Doubles,Franklin X-40,2024-11-30 00:00:00
G841,M639,1,15,12,T456,T660,3.5,STANDARD_DOUBLES,Men's Doubles,Franklin X-40,2024-06-14 00:00:00
G839,M637,1,15,6,T456,T658,3.5,STANDARD_DOUBLES,Men's Doubles,Franklin X-40,2024-06-14 00:00:00
G838,M636,1,15,0,T456,T657,3.5,STANDARD_DOUBLES,Men's Doubles,Franklin X-40,2024-06-14 00:00:00
G836,M634,1,15,1,T456,T656,3.5,STANDARD_DOUBLES,Men's Doubles,Franklin X-40,2024-06-14 00:00:00
G835,M633,1,15,3,T456,T655,3.5,STANDARD_DOUBLES,Men's Doubles,Franklin X-40,2024-06-14 00:00:00
G718,M523,1,11,4,T456,T438,4.0,STANDARD_DOUBLES,Men's Doubles,Franklin X-40,2024-04-05 00:00:00
G720,M525,1,11,9,T456,T438,4.0,STANDARD_DOUBLES,Men's Doubles,Franklin X-40,2024-04-05 00:00:00
G916,M706,1,11,3,T456,T381,4.0,STANDARD_DOUBLES,Men's Doubles,Dura Fast 40,2024-08-24 00:00:00
G915,M705,1,11,7,T456,T381,4.0,STANDARD_DOUBLES,Men's Doubles,Dura Fast 40,2024-08-24 00:00:00
G575,M405,1,11,6,T457,T458,4.5,STANDARD_DOUBLES,Men's Doubles,Franklin X-40,2023-12-20 00:00:00
G579,M405,4,11,2,T457,T458,4.5,STANDARD_DOUBLES,Men's Doubles,Franklin X-40,2023-12-20 00:00:00
G577,M405,2,11,7,T458,T457,4.5,STANDARD_DOUBLES,Men's Doubles,Franklin X-40,2023-12-20 00:00:00
G578,M405,3,11,1,T458,T457,4.5,STANDARD_DOUBLES,Men's Doubles,Franklin X-40,2023-12-20 00:00:00
G585,M412,1,12,10,T459,T460,4.0,STANDARD_DOUBLES,Men's Doubles,Franklin X-40,2023-12-26 00:00:00
G56,M31,2,11,6,T46,T47,Pro,STANDARD_DOUBLES,Men's Doubles,Dura Fast 40,2023-11-05 00:00:00
G1156,M896,1,13,12,T460,T871,4.0,STANDARD_DOUBLES,Men's Doubles,Franklin X-40,2025-01-27 00:00:00
G584,M411,1,11,5,T460,T459,4.0,STANDARD_DOUBLES,Men's Doubles,Franklin X-40,2023-12-26 00:00:00
G580,M407,1,14,3,T460,T459,4.0,STANDARD_DOUBLES,Men's Doubles,Franklin X-40,2023-12-23 00:00:00
G595,M417,2,13,11,T461,T462,5.0,STANDARD_DOUBLES,Men's Doubles,Selkirk Pro S1,2023-12-31 00:00:00
G590,M417,1,12,10,T462,T461,4.5,STANDARD_DOUBLES,Men's Doubles,Selkirk Pro S1,2023-12-31 00:00:00
G594,M417,3,11,4,T462,T461,5.0,STANDARD_DOUBLES,Men's Doubles,Selkirk Pro S1,2023-12-31 00:00:00
G855,M648,1,22,20,T464,T144,3.5,MLP_DOUBLES_2023_NO_FREEZE,Men's Doubles,Dura Fast 40,2024-06-17 00:00:00
G850,M643,1,21,19,T464,T333,3.5,MLP_DOUBLES_2023_NO_FREEZE,Men's Doubles,Dura Fast 40,2024-06-17 00:00:00
G803,M606,1,21,16,T464,T635,4.0,MLP_DOUBLES_2024,Men's Doubles,Vulcan VPRO 1 Outdoor PPA Tour,2024-05-27 00:00:00
G596,M421,1,15,12,T465,T466,4.0,STANDARD_DOUBLES,Mixed Doubles,Unknown,2023-12-10 00:00:00
G597,M422,1,15,10,T467,T143,4.0,STANDARD_DOUBLES,Men's Doubles,Dura Fast 40,2023-12-29 00:00:00
G600,M425,1,11,7,T468,T318,4.5,STANDARD_DOUBLES,Men's Doubles,Unknown,2024-01-06 00:00:00
G601,M426,1,11,6,T469,T159,4.0,STANDARD_DOUBLES,Men's Doubles,Dura Fast 40,2024-01-06 00:00:00
G662,M476,1,15,12,T469,T381,4.5,STANDARD_DOUBLES,Men's Doubles,Dura Fast 40,2024-01-20 00:00:00
G648,M463,1,15,6,T469,T144,4.0,STANDARD_DOUBLES,Men's Doubles,Dura Fast 40,2024-01-20 00:00:00
G605,M430,1,12,10,T469,T159,4.0,STANDARD_DOUBLES,Men's Doubles,Unknown,2024-01-06 00:00:00
G603,M428,1,11,5,T469,T159,4.0,STANDARD_DOUBLES,Men's Doubles,Unknown,2024-01-06 00:00:00
G602,M427,1,11,2,T469,T159,4.0,STANDARD_DOUBLES,Men's Doubles,Dura Fast 40,2024-01-06 00:00:00
G604,M429,1,11,5,T469,T159,4.0,STANDARD_DOUBLES,Men's Doubles,Unknown,2024-01-06 00:00:00
G58,M31,1,11,6,T47,T46,Pro,STANDARD_DOUBLES,Men's Doubles,Dura Fast 40,2021-02-26 00:00:00
G57,M31,3,11,3,T47,T46,Pro,STANDARD_DOUBLES,Men's Doubles,Dura Fast 40,2021-02-26 00:00:00
G607,M431,2,11,2,T470,T126,5.0,STANDARD_DOUBLES,Men's Doubles,Dura Fast 40,2024-01-04 00:00:00
G606,M431,3,11,2,T470,T126,5.0,STANDARD_DOUBLES,Men's Doubles,Dura Fast 40,2024-01-04 00:00:00
G616,M438,1,11,6,T471,T472,5.5,STANDARD_DOUBLES,Doubles,Dura Fast 40,2023-12-23 00:00:00
G615,M438,2,11,7,T472,T471,5.5,STANDARD_DOUBLES,Doubles,Dura Fast 40,2023-12-23 00:00:00
G619,M438,3,12,10,T472,T471,5.5,STANDARD_DOUBLES,Doubles,Dura Fast 40,2023-12-23 00:00:00
G617,M438,4,15,10,T472,T471,5.5,STANDARD_DOUBLES,Doubles,Dura Fast 40,2023-12-23 00:00:00
G808,M610,1,15,2,T472,T494,5.5,STANDARD_DOUBLES,Men's Doubles,CORE Pickleball Outdoor,2024-06-02 00:00:00
G612,M435,1,10,3,T475,T159,4.0,STANDARD_DOUBLES,Men's Doubles,Unknown,2024-01-06 00:00:00
G613,M436,1,12,10,T477,T476,4.0,STANDARD_DOUBLES,Men's Doubles,Unknown,2024-01-06 00:00:00
G614,M437,1,12,10,T479,T478,4.0,STANDARD_DOUBLES,Men's Doubles,Unknown,2024-01-06 00:00:00
G60,M32,3,11,9,T48,T49,5.0,STANDARD_DOUBLES,Mixed Doubles,Unknown,2022-11-27 00:00:00
G59,M32,2,11,8,T48,T49,5.0,STANDARD_DOUBLES,Mixed Doubles,Unknown,2022-11-27 00:00:00
G629,M439,2,11,4,T481,T480,4.5,STANDARD_DOUBLES,Men's Doubles,Dura Fast 40,2023-11-18 00:00:00
G618,M439,1,11,2,T481,T480,4.5,STANDARD_DOUBLES,Men's Doubles,Dura Fast 40,2023-11-18 00:00:00
G627,M446,2,11,2,T482,T483,Pro,STANDARD_DOUBLES,Women's Doubles,Dura Fast 40,2024-01-12 00:00:00
G714,M519,1,11,0,T483,T482,Pro,STANDARD_DOUBLES,Women's Doubles,Vulcan VPRO 1 Outdoor PPA Tour,2024-02-03 00:00:00
G963,M751,1,11,5,T483,T593,Pro,STANDARD_DOUBLES,Women's Doubles,Vulcan VPRO 2,2024-10-04 00:00:00
G628,M446,1,11,4,T483,T482,Pro,STANDARD_DOUBLES,Women's Doubles,Dura Fast 40,2024-01-12 00:00:00
G626,M446,3,11,6,T483,T482,Pro,STANDARD_DOUBLES,Women's Doubles,Dura Fast 40,2024-01-12 00:00:00
G713,M518,1,11,4,T483,T482,Pro,STANDARD_DOUBLES,Women's Doubles,Vulcan VPRO 1 Outdoor PPA Tour,2024-02-03 00:00:00
G630,M447,1,11,8,T484,T485,3.0,STANDARD_DOUBLES,Doubles,Dura Fast 40,2024-01-12 00:00:00
G643,M459,1,11,5,T486,T490,5.5,STANDARD_DOUBLES,Men's Doubles,Dura Fast 40,2024-01-11 00:00:00
G644,M459,2,11,9,T486,T490,5.5,STANDARD_DOUBLES,Men's Doubles,Dura Fast 40,2024-01-11 00:00:00
G632,M449,1,15,7,T486,T32,5.0,STANDARD_DOUBLES,Men's Doubles,Dura Fast 40,2024-01-11 00:00:00
G635,M452,1,11,5,T488,T487,3.0,STANDARD_DOUBLES,Doubles,Franklin X-40,2024-01-11 00:00:00
G642,M455,2,11,9,T489,T32,5.0,STANDARD_DOUBLES,Men's Doubles,Dura Fast 40,2024-01-13 00:00:00
G638,M455,1,12,10,T489,T32,5.0,STANDARD_DOUBLES,Men's Doubles,Dura Fast 40,2024-01-13 00:00:00
G61,M32,1,13,11,T49,T48,5.0,STANDARD_DOUBLES,Mixed Doubles,Unknown,2022-11-27 00:00:00
G645,M460,1,16,3,T491,T144,4.0,STANDARD_DOUBLES,Men's Doubles,Dura Fast 40,2024-01-20 00:00:00
G646,M461,1,15,6,T492,T144,4.0,STANDARD_DOUBLES,Men's Doubles,Dura Fast 40,2024-01-20 00:00:00
G647,M462,1,15,4,T493,T144,4.0,STANDARD_DOUBLES,Men's Doubles,Dura Fast 40,2024-01-20 00:00:00
G650,M465,1,12,10,T494,T486,5.0,STANDARD_DOUBLES,Men's Doubles,Dura Fast 40,2024-01-18 00:00:00
G666,M465,2,13,11,T494,T486,5.0,STANDARD_DOUBLES,Men's Doubles,Dura Fast 40,2024-01-18 00:00:00
G652,M467,1,13,9,T496,T495,3.5,STANDARD_DOUBLES,Mixed Doubles,Unknown,2024-01-15 00:00:00
G653,M468,1,15,6,T498,T497,4.5,STANDARD_DOUBLES,Men's Doubles,Unknown,2024-01-15 00:00:00
G654,M469,1,13,12,T499,T500,4.0,STANDARD_DOUBLES,Men's Doubles,Unknown,2024-01-23 00:00:00
G421,M280,1,11,2,T50,T362,4.5,STANDARD_DOUBLES,Men's Doubles,Franklin X-40,2023-10-26 00:00:00
G423,M280,2,11,1,T50,T362,4.5,STANDARD_DOUBLES,Men's Doubles,Franklin X-40,2023-10-26 00:00:00
G64,M33,2,11,8,T50,T51,5.0,STANDARD_DOUBLES,Men's Doubles,Unknown,2023-01-02 00:00:00
G63,M33,3,11,7,T50,T51,4.5,STANDARD_DOUBLES,Men's Doubles,Unknown,2023-01-02 00:00:00
G656,M470,1,11,0,T501,T222,Senior Pro,STANDARD_DOUBLES,Men's Doubles,Dura Fast 40,2024-01-20 00:00:00
G655,M470,2,11,5,T501,T222,Senior Pro,STANDARD_DOUBLES,Men's Doubles,Dura Fast 40,2024-01-20 00:00:00
G740,M543,1,16,14,T503,T590,5.0,STANDARD_DOUBLES,Mixed Doubles,Franklin X-40,2024-04-28 00:00:00
G657,M471,1,15,9,T503,T502,5.0,STANDARD_DOUBLES,Mixed Doubles,Dura Fast 40,2024-01-27 00:00:00
G660,M474,1,15,9,T504,T507,5.0,STANDARD_DOUBLES,Mixed Doubles,CORE Pickleball Outdoor,2024-01-28 00:00:00
G659,M473,1,15,8,T504,T506,5.0,STANDARD_DOUBLES,Mixed Doubles,CORE Pickleball Outdoor,2024-01-28 00:00:00
G658,M472,1,11,8,T504,T505,5.0,STANDARD_DOUBLES,Mixed Doubles,CORE Pickleball Outdoor,2024-01-27 00:00:00
G661,M475,1,15,13,T508,T381,4.0,STANDARD_DOUBLES,Men's Doubles,Dura Fast 40,2024-01-20 00:00:00
G62,M33,1,12,10,T51,T50,5.0,STANDARD_DOUBLES,Men's Doubles,Unknown,2023-01-02 00:00:00
G665,M478,2,11,9,T511,T510,4.0,STANDARD_DOUBLES,Men's Doubles,Unknown,2024-02-08 00:00:00
G664,M478,1,11,9,T511,T510,4.0,STANDARD_DOUBLES,Men's Doubles,Unknown,2024-02-08 00:00:00
G667,M479,1,11,8,T513,T512,2.5,STANDARD_DOUBLES,Women's Doubles,Dura Fast 40,2024-02-16 00:00:00
G668,M480,1,11,3,T514,T515,2.5,STANDARD_DOUBLES,Women's Doubles,Dura Fast 40,2024-02-16 00:00:00
G669,M481,1,11,6,T516,T517,2.5,STANDARD_DOUBLES,Women's Doubles,Dura Fast 40,2024-02-16 00:00:00
G670,M482,1,11,9,T519,T518,4.0,STANDARD_DOUBLES,Men's Doubles,Selkirk Pro S1,2024-02-16 00:00:00
G671,M483,1,15,5,T520,T521,3.5,STANDARD_DOUBLES,Women's Doubles,Unknown,2024-02-12 00:00:00
G676,M484,2,12,10,T522,T523,3.5,STANDARD_DOUBLES,Women's Doubles,Franklin X-40,2024-02-12 00:00:00
G672,M484,1,11,9,T523,T522,3.5,STANDARD_DOUBLES,Women's Doubles,Franklin X-40,2024-02-12 00:00:00
G675,M486,1,13,7,T525,T526,4.0,STANDARD_DOUBLES,Doubles,Unknown,2024-02-12 00:00:00
G677,M487,1,11,3,T527,T528,3.5,STANDARD_DOUBLES,Men's Doubles,Unknown,2024-02-12 00:00:00
G678,M488,1,13,11,T529,T530,3.0,STANDARD_DOUBLES,Doubles,Dura Fast 40,2024-02-23 00:00:00
G65,M34,1,11,6,T53,T52,4.5,STANDARD_DOUBLES,Men's Doubles,Unknown,2023-01-08 00:00:00
G68,M34,2,11,7,T53,T52,4.5,STANDARD_DOUBLES,Men's Doubles,Unknown,2023-01-08 00:00:00
G679,M489,1,11,9,T532,T531,3.0,STANDARD_DOUBLES,Doubles,Dura Fast 40,2024-02-23 00:00:00
G680,M490,1,11,7,T534,T533,3.0,STANDARD_DOUBLES,Doubles,Dura Fast 40,2024-02-23 00:00:00
G681,M491,1,11,6,T536,T535,4.0,STANDARD_DOUBLES,Mixed Doubles,Franklin X-40,2024-02-17 00:00:00
G682,M492,1,11,9,T536,T535,4.0,STANDARD_DOUBLES,Mixed Doubles,Franklin X-40,2024-02-17 00:00:00
G683,M493,1,11,6,T537,T538,3.0,STANDARD_DOUBLES,Women's Doubles,Unknown,2024-02-26 00:00:00
G684,M494,1,14,13,T539,T540,3.0,STANDARD_DOUBLES,Women's Doubles,Unknown,2024-02-26 00:00:00
G685,M495,1,11,7,T541,T542,4.0,STANDARD_DOUBLES,Doubles,Unknown,2024-02-26 00:00:00
G686,M496,1,9,7,T543,T544,3.5,STANDARD_DOUBLES,Mixed Doubles,Unknown,2024-02-26 00:00:00
G698,M506,1,11,6,T545,T546,4.5,MLP_DOUBLES_2023,Doubles,Unknown,2023-03-07 00:00:00
G688,M498,1,11,4,T548,T547,4.0,STANDARD_DOUBLES,Men's Doubles,Unknown,2024-02-26 00:00:00
G69,M36,1,15,10,T55,T54,4.5,STANDARD_DOUBLES,Men's Doubles,Unknown,2023-01-15 00:00:00
G71,M37,3,12,10,T55,T56,5.0,STANDARD_DOUBLES,Men's Doubles,Unknown,2023-01-15 00:00:00
G70,M37,1,12,10,T55,T56,5.0,STANDARD_DOUBLES,Men's Doubles,Unknown,2023-01-15 00:00:00
G690,M499,2,11,3,T550,T549,Pro,STANDARD_DOUBLES,Men's Doubles,Vulcan VPRO 1 Outdoor PPA Tour,2024-03-09 00:00:00
G691,M500,1,11,3,T551,T552,Pro,STANDARD_DOUBLES,Men's Doubles,Vulcan VPRO 1 Outdoor PPA Tour,2024-03-09 00:00:00
G692,M501,1,11,7,T551,T552,Pro,STANDARD_DOUBLES,Men's Doubles,Vulcan VPRO 1 Outdoor PPA Tour,2024-03-09 00:00:00
G693,M502,1,11,3,T553,T554,5.0,STANDARD_DOUBLES,Men's Doubles,Franklin X-40,2024-03-10 00:00:00
G694,M503,1,11,2,T555,T556,4.5,STANDARD_DOUBLES,Men's Doubles,Unknown,2024-03-08 00:00:00
G695,M504,1,11,9,T557,T482,Pro,STANDARD_DOUBLES,Women's Doubles,Vulcan VPRO 1 Outdoor PPA Tour,2024-03-09 00:00:00
G703,M508,1,11,7,T557,T482,Pro,STANDARD_DOUBLES,Women's Doubles,Vulcan VPRO 1 Outdoor PPA Tour,2024-03-09 00:00:00
G696,M505,1,11,6,T558,T222,4.5,STANDARD_DOUBLES,Men's Doubles,Unknown,2024-03-11 00:00:00
G701,M507,2,11,5,T559,T560,4.0,STANDARD_DOUBLES,Men's Doubles,JOOLA Heleus,2024-03-12 00:00:00
G80,M40,2,11,9,T56,T61,5.0,STANDARD_DOUBLES,Men's Doubles,Unknown,2023-01-23 00:00:00
G72,M37,2,11,6,T56,T55,5.0,STANDARD_DOUBLES,Men's Doubles,Unknown,2023-01-15 00:00:00
G699,M507,4,11,5,T560,T559,4.0,STANDARD_DOUBLES,Men's Doubles,JOOLA Heleus,2024-03-12 00:00:00
G702,M507,1,11,2,T560,T559,4.0,STANDARD_DOUBLES,Men's Doubles,JOOLA Heleus,2024-03-12 00:00:00
G700,M507,3,11,6,T560,T559,4.0,STANDARD_DOUBLES,Men's Doubles,JOOLA Heleus,2024-03-12 00:00:00
G704,M509,1,11,6,T561,T562,3.0,STANDARD_DOUBLES,Mixed Doubles,Franklin X-40,2024-03-03 00:00:00
G705,M510,1,11,9,T563,T564,3.0,STANDARD_DOUBLES,Doubles,Franklin X-40,2024-03-03 00:00:00
G706,M511,1,11,4,T565,T566,3.0,STANDARD_DOUBLES,Mixed Doubles,Franklin X-40,2024-03-03 00:00:00
G712,M517,1,11,9,T568,T381,4.0,STANDARD_DOUBLES,Men's Doubles,Dura Fast 40,2024-03-18 00:00:00
G710,M515,1,11,9,T568,T381,4.0,STANDARD_DOUBLES,Men's Doubles,Dura Fast 40,2024-03-18 00:00:00
G742,M545,1,11,8,T569,T591,Pro,STANDARD_DOUBLES,Mixed Doubles,Vulcan VPRO 1 Outdoor PPA Tour,2024-04-26 00:00:00
G746,M549,1,11,2,T569,T591,Pro,STANDARD_DOUBLES,Mixed Doubles,Vulcan VPRO 1 Outdoor PPA Tour,2024-04-26 00:00:00
G715,M520,1,11,4,T569,T570,Pro,STANDARD_DOUBLES,Mixed Doubles,Franklin X-40,2024-03-09 00:00:00
G74,M38,1,11,1,T57,T58,4.0,STANDARD_DOUBLES,Men's Doubles,Unknown,2023-01-18 00:00:00
G73,M38,2,11,5,T57,T58,4.0,STANDARD_DOUBLES,Men's Doubles,Unknown,2023-01-18 00:00:00
G721,M526,1,11,8,T572,T571,3.5,STANDARD_DOUBLES,Doubles,Unknown,2024-04-02 00:00:00
G722,M527,1,15,12,T573,T574,3.0,MLP_DOUBLES_2023_NO_FREEZE,Doubles,Unknown,2024-04-02 00:00:00
G723,M528,1,11,3,T576,T575,3.0,STANDARD_DOUBLES,Men's Doubles,Unknown,2024-04-03 00:00:00
G732,M537,1,11,4,T576,T588,3.0,STANDARD_DOUBLES,Men's Doubles,Unknown,2024-04-03 00:00:00
G724,M529,1,15,9,T578,T577,3.5,MLP_DOUBLES_2023_NO_FREEZE,Mixed Doubles,Unknown,2024-04-02 00:00:00
G725,M530,1,11,7,T579,T580,3.5,STANDARD_DOUBLES,Mixed Doubles,Unknown,2024-04-02 00:00:00
G726,M531,1,11,8,T581,T582,4.0,STANDARD_DOUBLES,Men's Doubles,Franklin X-40,2024-04-05 00:00:00
G727,M532,1,11,5,T581,T582,4.0,STANDARD_DOUBLES,Men's Doubles,Franklin X-40,2024-04-05 00:00:00
G728,M533,1,11,5,T582,T581,4.0,STANDARD_DOUBLES,Men's Doubles,Franklin X-40,2024-04-05 00:00:00
G729,M534,1,21,20,T583,T584,3.0,MLP_DOUBLES_2023_NO_FREEZE,Doubles,Unknown,2024-04-02 00:00:00
G730,M535,1,21,18,T586,T585,3.5,MLP_DOUBLES_2023_NO_FREEZE,Mixed Doubles,Unknown,2024-04-02 00:00:00
G737,M540,1,11,6,T587,T411,4.0,STANDARD_DOUBLES,Men's Doubles,Franklin X-40,2024-04-05 00:00:00
G738,M541,1,11,6,T587,T411,4.0,STANDARD_DOUBLES,Men's Doubles,Franklin X-40,2024-04-05 00:00:00
G739,M542,1,15,3,T589,T32,5.0,STANDARD_DOUBLES,Men's Doubles,Franklin X-40,2024-04-27 00:00:00
G75,M39,1,11,7,T59,T60,5.0,STANDARD_DOUBLES,Men's Doubles,Unknown,2023-01-18 00:00:00
G741,M544,1,11,2,T591,T569,Pro,STANDARD_DOUBLES,Mixed Doubles,Vulcan VPRO 1 Outdoor PPA Tour,2024-04-26 00:00:00
G745,M548,1,11,7,T592,T593,Pro,STANDARD_DOUBLES,Women's Doubles,Vulcan VPRO 1 Outdoor PPA Tour,2024-04-27 00:00:00
G743,M546,1,11,9,T592,T593,Pro,STANDARD_DOUBLES,Women's Doubles,Vulcan VPRO 1 Outdoor PPA Tour,2024-04-27 00:00:00
G744,M547,1,11,1,T593,T592,Pro,STANDARD_DOUBLES,Women's Doubles,Vulcan VPRO 1 Outdoor PPA Tour,2024-04-27 00:00:00
G747,M550,1,15,2,T594,T159,5.0,STANDARD_DOUBLES,Men's Doubles,Dura Fast 40,2024-05-04 00:00:00
G748,M551,1,15,10,T595,T159,4.0,STANDARD_DOUBLES,Men's Doubles,Dura Fast 40,2024-05-04 00:00:00
G751,M554,1,15,5,T598,T159,4.5,STANDARD_DOUBLES,Men's Doubles,Dura Fast 40,2024-05-04 00:00:00
G752,M555,1,11,8,T599,T159,4.0,STANDARD_DOUBLES,Men's Doubles,Dura Fast 40,2024-05-04 00:00:00
G77,M39,2,11,2,T60,T59,5.0,STANDARD_DOUBLES,Men's Doubles,Unknown,2023-01-18 00:00:00
G76,M39,3,11,4,T60,T59,5.0,STANDARD_DOUBLES,Men's Doubles,Unknown,2023-01-18 00:00:00
G753,M556,1,15,5,T600,T159,4.5,STANDARD_DOUBLES,Men's Doubles,Dura Fast 40,2024-05-04 00:00:00
G754,M557,1,15,7,T601,T159,4.5,STANDARD_DOUBLES,Men's Doubles,Dura Fast 40,2024-05-04 00:00:00
G755,M558,1,11,5,T602,T159,4.0,STANDARD_DOUBLES,Men's Doubles,Dura Fast 40,2024-05-04 00:00:00
G765,M568,1,26,24,T605,T615,Pro,MLP_DOUBLES_2024,Mixed Doubles,Vulcan VPRO 1 Outdoor PPA Tour,2024-05-09 00:00:00
G247,M146,1,21,19,T61,T206,5.0,STANDARD_DOUBLES,Men's Doubles,CORE Pickleball Outdoor,2023-07-23 00:00:00
G79,M40,3,12,10,T61,T56,5.0,STANDARD_DOUBLES,Men's Doubles,Unknown,2023-01-23 00:00:00
G78,M40,1,11,5,T61,T56,5.0,STANDARD_DOUBLES,Men's Doubles,Unknown,2023-01-23 00:00:00
G760,M563,1,25,22,T611,T610,Pro,MLP_DOUBLES_2024,Doubles,Vulcan VPRO 1 Outdoor PPA Tour,2024-05-11 00:00:00
G761,M564,1,25,18,T612,T610,Pro,MLP_DOUBLES_2024,Women's Doubles,Vulcan VPRO 1 Outdoor PPA Tour,2024-05-14 00:00:00
G805,M608,1,26,24,T613,T608,Pro,MLP_DOUBLES_2024,Women's Doubles,Vulcan VPRO 1 Outdoor PPA Tour,2024-05-11 00:00:00
G806,M609,1,25,22,T613,T610,Pro,MLP_DOUBLES_2024,Women's Doubles,Vulcan VPRO 1 Outdoor PPA Tour,2024-05-11 00:00:00
G874,M666,1,11,9,T614,T683,Pro,MLP_DOUBLES_2024,Mixed Doubles,Vulcan VPRO 1 Outdoor PPA Tour,2024-05-14 00:00:00
G766,M569,1,25,22,T616,T88,Pro,MLP_DOUBLES_2024,Men's Doubles,Vulcan VPRO 1 Outdoor PPA Tour,2024-05-09 00:00:00
G770,M573,1,11,9,T617,T159,4.0,STANDARD_DOUBLES,Men's Doubles,Dura Fast 40,2024-05-16 00:00:00
G771,M574,1,12,10,T618,T619,4.5,STANDARD_DOUBLES,Women's Doubles,Franklin X-40,2024-05-13 00:00:00
G774,M577,1,11,7,T618,T619,4.5,STANDARD_DOUBLES,Women's Doubles,Franklin X-40,2024-05-13 00:00:00
G81,M41,1,12,2,T62,T63,4.5,STANDARD_DOUBLES,Men's Doubles,Unknown,2023-01-12 00:00:00
G772,M575,1,25,23,T621,T620,Pro,MLP_DOUBLES_2024,Men's Doubles,Vulcan VPRO 1 Outdoor PPA Tour,2024-05-11 00:00:00
G773,M576,1,19,17,T622,T503,5.0,STANDARD_DOUBLES,Mixed Doubles,Franklin X-40,2024-04-27 00:00:00
G775,M578,1,11,4,T624,T623,4.0,STANDARD_DOUBLES,Men's Doubles,Dura Fast 40,2024-05-17 00:00:00
G784,M587,1,15,2,T626,T631,5.0,STANDARD_DOUBLES,Mixed Doubles,Franklin X-40,2024-05-25 00:00:00
G785,M588,1,15,8,T626,T632,5.0,STANDARD_DOUBLES,Mixed Doubles,Franklin X-40,2024-05-25 00:00:00
G1098,M843,1,11,3,T626,T832,5.0,STANDARD_DOUBLES,Mixed Doubles,Franklin X-40,2024-11-16 00:00:00
G779,M582,1,15,6,T626,T627,5.0,STANDARD_DOUBLES,Mixed Doubles,Franklin X-40,2024-05-25 00:00:00
G782,M585,1,15,5,T626,T629,5.0,STANDARD_DOUBLES,Mixed Doubles,Franklin X-40,2024-05-25 00:00:00
G869,M661,1,15,4,T628,T159,4.0,STANDARD_DOUBLES,Men's Doubles,Dura Fast 40,2024-07-20 00:00:00
G780,M583,1,11,3,T628,T159,4.0,STANDARD_DOUBLES,Men's Doubles,Dura Fast 40,2024-05-04 00:00:00
G783,M586,1,15,8,T630,T626,5.0,STANDARD_DOUBLES,Mixed Doubles,Franklin X-40,2024-05-25 00:00:00
G789,M592,1,15,5,T630,T626,5.0,STANDARD_DOUBLES,Mixed Doubles,Franklin X-40,2024-05-25 00:00:00
G790,M593,1,21,14,T633,T438,4.0,MLP_DOUBLES_2023_NO_FREEZE,Men's Doubles,Vulcan VPRO 1 Outdoor PPA Tour,2024-05-27 00:00:00
G786,M589,1,22,16,T633,T464,4.0,MLP_DOUBLES_2024,Men's Doubles,Dura Fast 40,2024-05-27 00:00:00
G792,M595,1,21,18,T633,T638,4.0,MLP_DOUBLES_2023_NO_FREEZE,Men's Doubles,Vulcan VPRO 1 Outdoor PPA Tour,2024-05-27 00:00:00
G787,M590,1,25,22,T633,T634,4.0,MLP_DOUBLES_2024,Men's Doubles,Vulcan VPRO 1 Outdoor PPA Tour,2024-05-27 00:00:00
G788,M591,1,22,17,T633,T635,4.0,MLP_DOUBLES_2024,Men's Doubles,Vulcan VPRO 1 Outdoor PPA Tour,2024-05-27 00:00:00
G1140,M880,1,21,17,T634,T763,4.5,MLP_DOUBLES_2023_NO_FREEZE,Men's Doubles,Dura Fast 40,2024-12-28 00:00:00
G801,M604,1,22,9,T634,T438,4.0,MLP_DOUBLES_2024,Men's Doubles,Vulcan VPRO 1 Outdoor PPA Tour,2024-05-27 00:00:00
G1131,M871,1,21,21,T634,T159,4.5,MLP_DOUBLES_2023_NO_FREEZE,Men's Doubles,Dura Fast 40,2024-12-28 00:00:00
G1134,M874,1,21,17,T634,T159,4.5,MLP_DOUBLES_2023_NO_FREEZE,Men's Doubles,Dura Fast 40,2024-12-28 00:00:00
G1142,M882,1,21,17,T634,T854,4.5,MLP_DOUBLES_2023_NO_FREEZE,Men's Doubles,Dura Fast 40,2024-12-28 00:00:00
G1141,M881,1,21,10,T634,T854,4.5,MLP_DOUBLES_2023_NO_FREEZE,Men's Doubles,Dura Fast 40,2024-12-28 00:00:00
G913,M703,1,11,3,T634,T159,4.0,STANDARD_DOUBLES,Men's Doubles,Dura Fast 40,2024-08-24 00:00:00
G802,M605,1,21,16,T634,T464,4.0,MLP_DOUBLES_2023_NO_FREEZE,Men's Doubles,Vulcan VPRO 1 Outdoor PPA Tour,2024-05-27 00:00:00
G800,M603,1,21,9,T634,T635,4.0,MLP_DOUBLES_2024,Men's Doubles,Vulcan VPRO 1 Outdoor PPA Tour,2024-05-27 00:00:00
G797,M600,1,24,20,T634,T638,4.0,MLP_DOUBLES_2024,Men's Doubles,Vulcan VPRO 1 Outdoor PPA Tour,2024-05-27 00:00:00
G791,M594,1,15,4,T636,T637,5.0,STANDARD_DOUBLES,Men's Doubles,Franklin X-40,2024-05-25 00:00:00
G932,M722,1,11,9,T638,T731,4.5,STANDARD_DOUBLES,Men's Doubles,Dura Fast 40,2024-09-07 00:00:00
G794,M597,1,21,17,T638,T635,4.0,MLP_DOUBLES_2023_NO_FREEZE,Men's Doubles,Vulcan VPRO 1 Outdoor PPA Tour,2024-05-27 00:00:00
G798,M601,1,24,15,T638,T438,4.0,MLP_DOUBLES_2024,Men's Doubles,Vulcan VPRO 1 Outdoor PPA Tour,2024-05-27 00:00:00
G927,M717,1,13,10,T638,T159,4.0,STANDARD_DOUBLES,Men's Doubles,Dura Fast 40,2024-09-07 00:00:00
G793,M596,1,23,15,T638,T464,4.0,MLP_DOUBLES_2024,Men's Doubles,Vulcan VPRO 1 Outdoor PPA Tour,2024-05-27 00:00:00
G795,M598,1,15,12,T639,T626,5.0,STANDARD_DOUBLES,Mixed Doubles,Franklin X-40,2024-05-25 00:00:00
G82,M42,2,11,3,T64,T32,5.0,STANDARD_DOUBLES,Men's Doubles,Unknown,2023-02-05 00:00:00
G84,M42,3,11,9,T64,T32,5.0,STANDARD_DOUBLES,Men's Doubles,Unknown,2023-02-05 00:00:00
G809,M611,1,25,22,T640,T615,Pro,MLP_DOUBLES_2024,Mixed Doubles,Vulcan VPRO 1 Outdoor PPA Tour,2024-05-11 00:00:00
G810,M612,3,11,7,T641,T642,5.0,STANDARD_DOUBLES,Men's Doubles,Franklin X-40,2024-06-08 00:00:00
G811,M612,2,11,8,T641,T642,5.0,STANDARD_DOUBLES,Men's Doubles,Franklin X-40,2024-06-08 00:00:00
G812,M612,1,11,9,T642,T641,5.0,STANDARD_DOUBLES,Men's Doubles,Franklin X-40,2024-06-08 00:00:00
G814,M613,1,11,8,T643,T644,5.0,STANDARD_DOUBLES,Men's Doubles,Gamma CHUCK,2024-05-19 00:00:00
G813,M613,2,11,7,T643,T644,5.0,STANDARD_DOUBLES,Men's Doubles,Gamma CHUCK,2024-05-19 00:00:00
G815,M614,1,11,2,T645,T644,5.0,STANDARD_DOUBLES,Men's Doubles,Gamma CHUCK,2024-05-19 00:00:00
G822,M621,1,11,7,T647,T144,4.0,STANDARD_DOUBLES,Men's Doubles,Franklin X-40,2024-06-13 00:00:00
G834,M622,3,11,6,T648,T649,4.5,STANDARD_DOUBLES,Mixed Doubles,Franklin X-40,2024-06-05 00:00:00
G842,M622,2,11,9,T648,T649,4.5,STANDARD_DOUBLES,Mixed Doubles,Franklin X-40,2024-06-05 00:00:00
G823,M622,1,11,9,T649,T648,4.5,STANDARD_DOUBLES,Mixed Doubles,Franklin X-40,2024-06-05 00:00:00
G717,M522,1,11,5,T65,T482,Pro,STANDARD_DOUBLES,Women's Doubles,Vulcan VPRO 1 Outdoor PPA Tour,2024-04-05 00:00:00
G969,M757,1,11,3,T65,T593,Pro,STANDARD_DOUBLES,Women's Doubles,Vulcan VPRO 2,2024-09-13 00:00:00
G141,M79,2,11,2,T65,T107,Pro,STANDARD_DOUBLES,Women's Doubles,Dura Fast 40,2023-03-11 00:00:00
G142,M79,1,11,0,T65,T107,Pro,STANDARD_DOUBLES,Women's Doubles,Dura Fast 40,2023-03-11 00:00:00
G148,M81,3,11,3,T65,T109,Pro,STANDARD_DOUBLES,Women's Doubles,Dura Fast 40,2022-12-04 00:00:00
G716,M521,1,11,9,T65,T482,Pro,STANDARD_DOUBLES,Women's Doubles,Vulcan VPRO 1 Outdoor PPA Tour,2024-04-05 00:00:00
G126,M70,3,11,8,T65,T95,Pro,STANDARD_DOUBLES,Women's Doubles,Dura Fast 40,2023-03-12 00:00:00
G146,M81,2,11,6,T65,T109,Pro,STANDARD_DOUBLES,Women's Doubles,Dura Fast 40,2022-12-04 00:00:00
G150,M81,4,11,6,T65,T109,Pro,STANDARD_DOUBLES,Women's Doubles,Dura Fast 40,2022-12-04 00:00:00
G85,M43,1,11,3,T65,T66,Pro,STANDARD_DOUBLES,Women's Doubles,Dura Fast 40,2023-02-04 00:00:00
G125,M70,1,11,9,T65,T95,Pro,STANDARD_DOUBLES,Women's Doubles,Dura Fast 40,2023-03-12 00:00:00
G127,M70,2,11,3,T65,T95,Pro,STANDARD_DOUBLES,Women's Doubles,Dura Fast 40,2023-03-12 00:00:00
G826,M625,1,11,5,T650,T159,4.0,STANDARD_DOUBLES,Men's Doubles,Dura Fast 40,2024-05-04 00:00:00
G827,M626,1,11,9,T651,T159,4.0,STANDARD_DOUBLES,Men's Doubles,Dura Fast 40,2024-05-04 00:00:00
G828,M627,1,11,5,T652,T159,4.0,STANDARD_DOUBLES,Men's Doubles,Dura Fast 40,2024-05-04 00:00:00
G868,M660,1,15,0,T652,T159,4.0,STANDARD_DOUBLES,Men's Doubles,Dura Fast 40,2024-07-20 00:00:00
G829,M628,1,11,7,T653,T159,4.0,STANDARD_DOUBLES,Men's Doubles,Dura Fast 40,2024-05-04 00:00:00
G833,M632,1,16,14,T654,T456,4.0,STANDARD_DOUBLES,Men's Doubles,Franklin X-40,2024-06-14 00:00:00
G840,M638,1,15,8,T659,T456,4.0,STANDARD_DOUBLES,Men's Doubles,Franklin X-40,2024-06-14 00:00:00
G843,M640,1,11,7,T662,T661,Pro,STANDARD_DOUBLES,Men's Doubles,Vulcan VPRO 2,2024-06-26 00:00:00
G844,M640,2,11,7,T662,T661,Pro,STANDARD_DOUBLES,Men's Doubles,Vulcan VPRO 2,2024-06-26 00:00:00
G846,M641,2,13,11,T663,T664,5.0,STANDARD_DOUBLES,Women's Doubles,Selkirk Pro S1,2024-06-29 00:00:00
G847,M641,1,11,2,T663,T664,5.0,STANDARD_DOUBLES,Women's Doubles,Selkirk Pro S1,2024-06-29 00:00:00
G845,M641,3,15,8,T664,T663,5.0,STANDARD_DOUBLES,Women's Doubles,Selkirk Pro S1,2024-06-29 00:00:00
G848,M642,1,11,3,T665,T666,4.5,STANDARD_DOUBLES,Doubles,Gamma CHUCK,2024-06-23 00:00:00
G849,M642,2,11,9,T665,T666,4.5,STANDARD_DOUBLES,Doubles,Gamma CHUCK,2024-06-23 00:00:00
G853,M646,1,21,15,T667,T144,3.5,MLP_DOUBLES_2023_NO_FREEZE,Men's Doubles,Dura Fast 40,2024-06-17 00:00:00
G851,M644,1,21,18,T667,T464,3.5,MLP_DOUBLES_2023_NO_FREEZE,Men's Doubles,Dura Fast 40,2024-06-17 00:00:00
G852,M645,1,22,20,T667,T333,3.5,MLP_DOUBLES_2023_NO_FREEZE,Men's Doubles,Dura Fast 40,2024-06-17 00:00:00
G856,M649,1,16,14,T668,T669,5.0,STANDARD_DOUBLES,Men's Doubles,Franklin X-40,2024-07-08 00:00:00
G733,M539,4,11,6,T67,T132,Pro,STANDARD_DOUBLES,Mixed Doubles,Unknown,2023-07-29 00:00:00
G736,M539,1,11,4,T67,T132,Pro,STANDARD_DOUBLES,Mixed Doubles,Unknown,2023-07-29 00:00:00
G322,M199,1,11,6,T67,T280,Pro,STANDARD_DOUBLES,Mixed Doubles,Dura Fast 40,2023-09-08 00:00:00
G321,M199,2,12,10,T67,T280,Pro,STANDARD_DOUBLES,Mixed Doubles,Dura Fast 40,2023-09-08 00:00:00
G734,M539,3,11,4,T67,T132,Pro,STANDARD_DOUBLES,Mixed Doubles,Unknown,2023-07-29 00:00:00
G863,M656,1,11,8,T670,T671,4.0,STANDARD_DOUBLES,Men's Doubles,Franklin X-40,2024-07-11 00:00:00
G862,M655,1,12,10,T670,T671,4.0,STANDARD_DOUBLES,Men's Doubles,Franklin X-40,2024-07-11 00:00:00
G867,M659,1,11,4,T671,T670,4.0,STANDARD_DOUBLES,Men's Doubles,Franklin X-40,2024-07-11 00:00:00
G866,M658,1,11,7,T671,T676,4.0,STANDARD_DOUBLES,Men's Doubles,Franklin X-40,2024-07-11 00:00:00
G860,M653,1,11,9,T671,T670,4.0,STANDARD_DOUBLES,Men's Doubles,Franklin X-40,2024-07-11 00:00:00
G861,M654,1,11,9,T672,T673,4.0,STANDARD_DOUBLES,Men's Doubles,Franklin X-40,2024-07-11 00:00:00
G865,M657,1,12,10,T674,T675,4.5,STANDARD_DOUBLES,Men's Doubles,Franklin X-40,2024-06-05 00:00:00
G864,M657,2,11,9,T674,T675,4.5,STANDARD_DOUBLES,Men's Doubles,Franklin X-40,2024-06-05 00:00:00
G89,M44,2,11,8,T68,T67,Pro,STANDARD_DOUBLES,Mixed Doubles,Dura Fast 40,2023-02-17 00:00:00
G873,M665,1,11,8,T682,T681,4.0,STANDARD_DOUBLES,Men's Doubles,Franklin X-40,2024-07-19 00:00:00
G875,M667,1,26,24,T685,T684,Pro,MLP_DOUBLES_2024_NO_FREEZE_25,Mixed Doubles,Vulcan VPRO 2,2024-07-26 00:00:00
G876,M668,1,15,13,T686,T687,4.5,STANDARD_DOUBLES,Mixed Doubles,Franklin X-40,2024-07-22 00:00:00
G877,M669,1,27,25,T688,T689,Pro,MLP_DOUBLES_2024_NO_FREEZE_25,Doubles,Vulcan VPRO 2,2024-07-26 00:00:00
G90,M45,1,12,10,T69,T13,Pro,STANDARD_DOUBLES,Men's Doubles,Dura Fast 40,2023-02-18 00:00:00
G193,M105,1,11,9,T69,T145,Pro,STANDARD_DOUBLES,Men's Doubles,Dura Fast 40,2023-02-25 00:00:00
G878,M670,1,25,19,T691,T690,Pro,MLP_DOUBLES_2024_NO_FREEZE_25,Doubles,Vulcan VPRO 2,2024-07-12 00:00:00
G952,M740,1,25,16,T693,T742,Pro,MLP_DOUBLES_2024_NO_FREEZE_25,Men's Doubles,Vulcan VPRO 2,2024-09-28 00:00:00
G879,M671,1,25,17,T693,T692,Pro,MLP_DOUBLES_2024_NO_FREEZE_25,Men's Doubles,Vulcan VPRO 2,2024-07-12 00:00:00
G880,M672,1,11,6,T695,T694,Pro,STANDARD_DOUBLES,Men's Doubles,Dura Fast 40,2024-07-30 00:00:00
G905,M697,1,10,10,T697,T717,5.5,STANDARD_DOUBLES,Men's Doubles,Franklin X-40,2024-08-17 00:00:00
G881,M673,1,7,1,T697,T696,Pro,STANDARD_DOUBLES,Men's Doubles,Dura Fast 40,2024-07-30 00:00:00
G904,M696,1,8,7,T698,T716,5.5,STANDARD_DOUBLES,Men's Doubles,Franklin X-40,2024-08-17 00:00:00
G882,M674,1,12,10,T699,T698,Pro,STANDARD_DOUBLES,Men's Doubles,Dura Fast 40,2024-07-30 00:00:00
G332,M206,1,11,6,T7,T287,Pro,STANDARD_DOUBLES,Men's Doubles,Franklin X-40,2022-11-12 00:00:00
G327,M203,1,11,6,T7,T287,Pro,STANDARD_DOUBLES,Men's Doubles,Franklin X-40,2022-11-12 00:00:00
G331,M206,2,11,0,T7,T287,Pro,STANDARD_DOUBLES,Men's Doubles,Franklin X-40,2022-11-12 00:00:00
G206,M112,2,11,7,T7,T154,Pro,STANDARD_DOUBLES,Men's Doubles,Franklin X-40,2022-11-12 00:00:00
G883,M675,1,11,5,T701,T700,4.0,STANDARD_DOUBLES,Mixed Doubles,Franklin X-40,2024-07-30 00:00:00
G885,M677,1,12,10,T701,T700,4.0,STANDARD_DOUBLES,Mixed Doubles,Franklin X-40,2024-07-30 00:00:00
G884,M676,1,11,8,T702,T703,4.0,STANDARD_DOUBLES,Mixed Doubles,Franklin X-40,2024-07-30 00:00:00
G886,M678,1,12,10,T704,T150,4.0,STANDARD_DOUBLES,Men's Doubles,Franklin X-40,2024-08-07 00:00:00
G1118,M862,1,11,7,T704,T760,4.5,STANDARD_DOUBLES,Men's Doubles,Dura Fast 40,2024-11-12 00:00:00
G889,M681,1,11,2,T705,T159,4.0,STANDARD_DOUBLES,Men's Doubles,Dura Fast 40,2024-08-07 00:00:00
G888,M680,1,11,6,T705,T159,4.0,STANDARD_DOUBLES,Men's Doubles,Dura Fast 40,2024-08-07 00:00:00
G892,M684,1,11,5,T705,T159,4.0,STANDARD_DOUBLES,Men's Doubles,Dura Fast 40,2024-08-07 00:00:00
G890,M682,1,11,6,T706,T245,Pro,STANDARD_DOUBLES,Doubles,Vulcan VPRO 2,2024-08-10 00:00:00
G891,M683,1,11,4,T706,T245,Pro,STANDARD_DOUBLES,Doubles,Vulcan VPRO 2,2024-08-10 00:00:00
G926,M716,1,11,2,T706,T245,Pro,STANDARD_DOUBLES,Doubles,Vulcan VPRO 2,2024-08-24 00:00:00
G923,M713,1,13,11,T706,T245,Pro,STANDARD_DOUBLES,Doubles,Vulcan VPRO 2,2024-08-24 00:00:00
G893,M685,1,11,8,T707,T708,3.5,STANDARD_DOUBLES,Men's Doubles,Franklin X-40,2024-08-10 00:00:00
G898,M690,1,11,5,T709,T714,3.5,STANDARD_DOUBLES,Men's Doubles,Franklin X-40,2024-08-03 00:00:00
G894,M686,1,11,8,T709,T710,3.5,STANDARD_DOUBLES,Men's Doubles,Franklin X-40,2024-08-03 00:00:00
G895,M687,1,11,8,T709,T711,3.5,STANDARD_DOUBLES,Men's Doubles,Franklin X-40,2024-08-03 00:00:00
G896,M688,1,11,3,T709,T712,3.5,STANDARD_DOUBLES,Men's Doubles,Franklin X-40,2024-08-03 00:00:00
G899,M691,1,11,6,T709,T712,3.5,STANDARD_DOUBLES,Men's Doubles,Franklin X-40,2024-08-03 00:00:00
G133,M74,2,11,7,T71,T101,Pro,STANDARD_DOUBLES,Women's Doubles,Dura Fast 40,2023-01-14 00:00:00
G96,M47,4,11,3,T71,T72,Pro,STANDARD_DOUBLES,Women's Doubles,Dura Fast 40,2023-02-19 00:00:00
G903,M695,1,11,3,T713,T361,4.0,STANDARD_DOUBLES,Men's Doubles,Franklin X-40,2024-08-15 00:00:00
G900,M692,1,11,6,T715,T144,4.0,STANDARD_DOUBLES,Men's Doubles,Franklin X-40,2024-08-15 00:00:00
G901,M693,1,11,3,T715,T144,4.0,STANDARD_DOUBLES,Men's Doubles,Franklin X-40,2024-08-15 00:00:00
G906,M698,3,12,10,T718,T13,Pro,STANDARD_DOUBLES,Men's Doubles,Vulcan VPRO 2,2024-08-19 00:00:00
G908,M698,1,11,7,T718,T13,Pro,STANDARD_DOUBLES,Men's Doubles,Vulcan VPRO 2,2024-08-18 00:00:00
G907,M698,2,8,5,T718,T13,Pro,STANDARD_DOUBLES,Men's Doubles,Vulcan VPRO 2,2024-08-18 00:00:00
G95,M47,2,11,7,T72,T71,Pro,STANDARD_DOUBLES,Women's Doubles,Dura Fast 40,2023-02-19 00:00:00
G919,M709,1,11,3,T720,T719,2.5,STANDARD_DOUBLES,Doubles,Franklin X-40,2024-08-25 00:00:00
G920,M710,1,11,1,T722,T721,2.5,STANDARD_DOUBLES,Doubles,Franklin X-40,2024-08-25 00:00:00
G921,M711,1,11,2,T723,T724,2.5,STANDARD_DOUBLES,Mixed Doubles,Franklin X-40,2024-08-24 00:00:00
G922,M712,1,11,3,T725,T724,2.5,STANDARD_DOUBLES,Mixed Doubles,Franklin X-40,2024-08-24 00:00:00
G928,M718,1,11,4,T727,T728,4.5,STANDARD_DOUBLES,Men's Doubles,Dura Fast 40,2024-09-07 00:00:00
G934,M724,1,11,9,T727,T638,4.5,STANDARD_DOUBLES,Men's Doubles,Dura Fast 40,2024-09-07 00:00:00
G935,M725,1,11,4,T729,T159,4.5,STANDARD_DOUBLES,Men's Doubles,Dura Fast 40,2024-09-07 00:00:00
G929,M719,1,11,6,T729,T730,4.5,STANDARD_DOUBLES,Men's Doubles,Dura Fast 40,2024-09-07 00:00:00
G933,M723,1,11,1,T729,T159,4.5,STANDARD_DOUBLES,Men's Doubles,Dura Fast 40,2024-09-07 00:00:00
G930,M720,1,11,6,T731,T638,4.5,STANDARD_DOUBLES,Men's Doubles,Dura Fast 40,2024-09-07 00:00:00
G936,M726,1,11,8,T733,T734,5.0,STANDARD_DOUBLES,Men's Doubles,Franklin X-40,2024-09-20 00:00:00
G947,M726,3,11,4,T733,T734,5.0,STANDARD_DOUBLES,Men's Doubles,Franklin X-40,2024-09-20 00:00:00
G948,M726,2,15,13,T734,T733,5.0,STANDARD_DOUBLES,Men's Doubles,Franklin X-40,2024-09-20 00:00:00
G945,M735,1,25,19,T735,T736,5.0,MLP_DOUBLES_2024_NO_FREEZE_25,Mixed Doubles,Vulcan VPRO 2,2024-09-22 00:00:00
G950,M738,1,25,18,T738,T745,Pro,MLP_DOUBLES_2024_NO_FREEZE_25,Mixed Doubles,Vulcan VPRO 2,2024-09-21 00:00:00
G942,M732,1,25,22,T738,T737,Pro,MLP_DOUBLES_2024_NO_FREEZE_25,Mixed Doubles,Vulcan VPRO 2,2024-09-22 00:00:00
G943,M733,1,28,26,T739,T740,Pro,MLP_DOUBLES_2024_NO_FREEZE_25,Women's Doubles,Vulcan VPRO 2,2024-09-22 00:00:00
G112,M59,1,20,18,T74,T73,Pro,MLP_DOUBLES_2023,Men's Doubles,Dura Fast 40,2023-01-27 00:00:00
G965,M753,1,26,24,T740,T756,Pro,MLP_DOUBLES_2024_NO_FREEZE_25,Women's Doubles,Vulcan VPRO 2,2024-09-27 00:00:00
G962,M750,1,32,30,T740,T754,Pro,MLP_DOUBLES_2024_NO_FREEZE_25,Women's Doubles,Vulcan VPRO 2,2024-09-28 00:00:00
G944,M734,1,25,18,T741,T742,Pro,MLP_DOUBLES_2024_NO_FREEZE_25,Men's Doubles,Vulcan VPRO 2,2024-09-22 00:00:00
G946,M736,1,25,19,T743,T740,Pro,MLP_DOUBLES_2024_NO_FREEZE_25,Women's Doubles,Vulcan VPRO 2,2024-09-21 00:00:00
G949,M737,1,25,23,T744,T742,Pro,MLP_DOUBLES_2024_NO_FREEZE_25,Men's Doubles,Vulcan VPRO 2,2024-09-21 00:00:00
G951,M739,1,25,13,T746,T740,Pro,MLP_DOUBLES_2024_NO_FREEZE_25,Women's Doubles,Vulcan VPRO 2,2024-09-20 00:00:00
G953,M741,1,25,21,T747,T742,Pro,MLP_DOUBLES_2024_NO_FREEZE_25,Men's Doubles,Vulcan VPRO 2,2024-09-29 00:00:00
G959,M747,1,28,26,T748,T742,Pro,MLP_DOUBLES_2024_NO_FREEZE_25,Men's Doubles,Vulcan VPRO 2,2024-09-28 00:00:00
G110,M57,1,22,20,T75,T73,Pro,MLP_DOUBLES_2023,Men's Doubles,Dura Fast 40,2023-01-28 00:00:00
G956,M744,1,25,13,T750,T742,Pro,MLP_DOUBLES_2024_NO_FREEZE_25,Men's Doubles,Vulcan VPRO 2,2024-09-28 00:00:00
G957,M745,1,26,24,T751,T742,Pro,MLP_DOUBLES_2024_NO_FREEZE_25,Men's Doubles,Vulcan VPRO 2,2024-09-27 00:00:00
G961,M749,1,25,20,T753,T736,Pro,MLP_DOUBLES_2024_NO_FREEZE_25,Mixed Doubles,Vulcan VPRO 2,2024-09-28 00:00:00
G967,M755,1,11,5,T759,T758,4.0,STANDARD_DOUBLES,Men's Doubles,Franklin X-40,2024-10-09 00:00:00
G103,M51,4,11,5,T76,T77,Pro,STANDARD_DOUBLES,Mixed Doubles,Dura Fast 40,2023-02-26 00:00:00
G992,M778,1,11,5,T760,T704,4.5,STANDARD_DOUBLES,Men's Doubles,Dura Fast 40,2024-11-12 00:00:00
G994,M780,1,11,8,T760,T704,4.5,STANDARD_DOUBLES,Men's Doubles,Dura Fast 40,2024-11-12 00:00:00
G1188,M928,1,11,6,T760,T459,4.0,STANDARD_DOUBLES,Men's Doubles,Franklin X-40,2025-03-01 00:00:00
G1166,M906,1,11,5,T760,T435,4.0,STANDARD_DOUBLES,Men's Doubles,Franklin X-40,2025-01-31 00:00:00
G1168,M908,1,11,6,T760,T435,4.0,STANDARD_DOUBLES,Men's Doubles,Franklin X-40,2025-01-31 00:00:00
G968,M756,1,11,5,T760,T381,4.0,STANDARD_DOUBLES,Men's Doubles,Dura Fast 40,2024-10-22 00:00:00
G1203,M941,1,13,11,T760,T381,4.5,STANDARD_DOUBLES,Men's Doubles,Franklin X-40,2025-03-21 00:00:00
G1179,M919,1,11,6,T760,T896,4.0,STANDARD_DOUBLES,Men's Doubles,Dura Fast 40,2025-02-06 00:00:00
G1178,M918,1,11,4,T760,T896,4.0,STANDARD_DOUBLES,Men's Doubles,Dura Fast 40,2025-02-06 00:00:00
G1200,M938,1,11,4,T762,T774,5.0,STANDARD_DOUBLES,Men's Doubles,Franklin X-40,2024-09-21 00:00:00
G981,M767,1,11,4,T762,T774,5.0,STANDARD_DOUBLES,Men's Doubles,Franklin X-40,2024-09-21 00:00:00
G970,M758,1,11,1,T762,T761,5.0,STANDARD_DOUBLES,Men's Doubles,Selkirk Pro S1,2024-06-29 00:00:00
G1130,M870,1,9,8,T763,T159,4.5,MLP_DOUBLES_2024,Men's Doubles,Dura Fast 40,2024-12-28 00:00:00
G1139,M879,1,21,9,T763,T854,4.5,MLP_DOUBLES_2023_NO_FREEZE,Men's Doubles,Dura Fast 40,2024-12-28 00:00:00
G972,M760,1,11,8,T764,T765,5.5,STANDARD_DOUBLES,Men's Doubles,Dura Fast 40,2024-11-03 00:00:00
G979,M760,2,11,7,T765,T764,5.5,STANDARD_DOUBLES,Men's Doubles,Dura Fast 40,2024-11-03 00:00:00
G978,M760,3,11,5,T765,T764,5.5,STANDARD_DOUBLES,Men's Doubles,Dura Fast 40,2024-11-03 00:00:00
G973,M761,1,11,9,T766,T767,4.0,STANDARD_DOUBLES,Men's Doubles,Dura Fast 40,2024-10-22 00:00:00
G1202,M940,1,11,8,T767,T150,4.5,STANDARD_DOUBLES,Men's Doubles,Franklin X-40,2025-03-21 00:00:00
G993,M779,1,11,2,T767,T410,4.5,STANDARD_DOUBLES,Men's Doubles,Dura Fast 40,2024-11-12 00:00:00
G995,M781,1,11,8,T767,T410,4.5,STANDARD_DOUBLES,Men's Doubles,Dura Fast 40,2024-11-12 00:00:00
G974,M762,1,15,6,T768,T769,4.5,STANDARD_DOUBLES,Men's Doubles,CORE Pickleball Outdoor,2024-10-30 00:00:00
G983,M769,1,15,0,T769,T777,4.5,STANDARD_DOUBLES,Men's Doubles,CORE Pickleball Outdoor,2024-10-30 00:00:00
G975,M763,1,12,10,T769,T770,4.5,STANDARD_DOUBLES,Men's Doubles,CORE Pickleball Outdoor,2024-10-30 00:00:00
G977,M765,1,15,4,T769,T772,4.5,STANDARD_DOUBLES,Doubles,CORE Pickleball Outdoor,2024-10-30 00:00:00
G976,M764,1,15,11,T769,T771,4.5,STANDARD_DOUBLES,Men's Doubles,CORE Pickleball Outdoor,2024-10-30 00:00:00
G106,M51,3,11,9,T77,T76,Pro,STANDARD_DOUBLES,Mixed Doubles,Dura Fast 40,2023-02-26 00:00:00
G980,M766,1,11,7,T773,T150,4.0,STANDARD_DOUBLES,Men's Doubles,Dura Fast 40,2024-10-22 00:00:00
G982,M768,1,14,6,T775,T776,3.5,STANDARD_DOUBLES,Women's Doubles,Franklin X-40,2024-11-09 00:00:00
G985,M771,1,15,11,T779,T150,4.0,STANDARD_DOUBLES,Men's Doubles,Dura Fast 40,2024-11-09 00:00:00
G107,M54,1,11,4,T78,T82,4.5,STANDARD_DOUBLES,Men's Doubles,Unknown,2023-02-25 00:00:00
G104,M52,1,11,5,T78,T79,4.5,STANDARD_DOUBLES,Men's Doubles,Unknown,2023-02-25 00:00:00
G987,M773,1,15,11,T781,T150,4.0,STANDARD_DOUBLES,Men's Doubles,Dura Fast 40,2024-11-09 00:00:00
G990,M776,1,14,12,T783,T159,4.5,STANDARD_DOUBLES,Men's Doubles,Dura Fast 40,2024-11-12 00:00:00
G991,M777,1,11,7,T783,T159,4.5,STANDARD_DOUBLES,Men's Doubles,Dura Fast 40,2024-11-12 00:00:00
G989,M775,1,11,9,T783,T159,4.5,STANDARD_DOUBLES,Men's Doubles,Dura Fast 40,2024-11-12 00:00:00
G1001,M784,2,13,11,T784,T397,5.0,STANDARD_DOUBLES,Men's Doubles,Franklin X-40,2024-11-15 00:00:00
G105,M53,1,15,13,T80,T81,5.0,STANDARD_DOUBLES,Men's Doubles,Dura Fast 40,2023-02-22 00:00:00
G114,M61,1,15,13,T82,T78,4.5,STANDARD_DOUBLES,Men's Doubles,Unknown,2023-02-25 00:00:00
G1092,M839,1,11,9,T829,T830,4.0,STANDARD_DOUBLES,Men's Doubles,Franklin X-40,2024-11-30 00:00:00
G111,M58,1,21,16,T83,T73,Pro,MLP_DOUBLES_2023,Men's Doubles,Dura Fast 40,2023-01-28 00:00:00
G1094,M841,1,12,10,T830,T829,4.0,STANDARD_DOUBLES,Men's Doubles,Franklin X-40,2024-11-30 00:00:00
G1093,M840,1,11,6,T830,T829,4.0,STANDARD_DOUBLES,Men's Doubles,Franklin X-40,2024-11-30 00:00:00
G1097,M843,2,12,10,T832,T626,5.0,STANDARD_DOUBLES,Mixed Doubles,Franklin X-40,2024-11-16 00:00:00
G1096,M843,3,11,8,T832,T626,5.0,STANDARD_DOUBLES,Mixed Doubles,Franklin X-40,2024-11-16 00:00:00
G1101,M846,1,11,9,T833,T834,4.0,STANDARD_DOUBLES,Men's Doubles,Franklin X-40,2024-11-30 00:00:00
G1187,M927,1,12,10,T834,T899,4.0,STANDARD_DOUBLES,Men's Doubles,Franklin X-40,2025-02-20 00:00:00
G1183,M923,1,11,6,T834,T899,4.0,STANDARD_DOUBLES,Men's Doubles,Franklin X-40,2025-02-20 00:00:00
G1099,M844,1,11,2,T834,T833,4.0,STANDARD_DOUBLES,Men's Doubles,Franklin X-40,2024-11-30 00:00:00
G1122,M865,1,11,5,T835,T159,4.0,STANDARD_DOUBLES,Men's Doubles,Dura Fast 40,2024-12-06 00:00:00
G1121,M864,1,13,11,T835,T159,4.0,STANDARD_DOUBLES,Men's Doubles,Dura Fast 40,2024-12-06 00:00:00
G1115,M859,1,11,2,T836,T159,4.0,STANDARD_DOUBLES,Men's Doubles,Selkirk Pro S1,2024-12-07 00:00:00
G1116,M860,1,11,8,T836,T159,4.0,STANDARD_DOUBLES,Men's Doubles,Selkirk Pro S1,2024-12-07 00:00:00
G1107,M850,1,11,4,T837,T838,4.5,STANDARD_DOUBLES,Men's Doubles,Franklin X-40,2024-12-06 00:00:00
G1105,M850,2,11,8,T837,T838,4.5,STANDARD_DOUBLES,Men's Doubles,Franklin X-40,2024-12-06 00:00:00
G1109,M853,1,21,16,T839,T840,4.0,MLP_DOUBLES_2023_NO_FREEZE,Women's Doubles,Franklin X-40,2024-12-08 00:00:00
G1111,M855,1,20,10,T840,T841,4.0,MLP_DOUBLES_2023_NO_FREEZE,Doubles,Franklin X-40,2024-12-08 00:00:00
G1117,M861,1,11,0,T843,T842,5.0,STANDARD_DOUBLES,Women's Doubles,Franklin X-40,2024-12-14 00:00:00
G1120,M861,2,11,0,T843,T842,5.0,STANDARD_DOUBLES,Women's Doubles,Franklin X-40,2024-12-14 00:00:00
G1119,M863,1,11,4,T845,T844,5.5,STANDARD_DOUBLES,Men's Doubles,Franklin X-40,2024-12-14 00:00:00
G1123,M863,2,11,7,T845,T844,5.5,STANDARD_DOUBLES,Men's Doubles,Franklin X-40,2024-12-14 00:00:00
G1124,M866,1,15,13,T847,T846,5.0,STANDARD_DOUBLES,Men's Doubles,Franklin X-40,2024-12-14 00:00:00
G1125,M867,1,15,6,T848,T849,4.0,STANDARD_DOUBLES,Men's Doubles,Franklin X-40,2024-12-14 00:00:00
G257,M156,1,21,18,T85,T217,Pro,MLP_DOUBLES_2023,Men's Doubles,Dura Fast 40,2023-06-15 00:00:00
G260,M158,1,21,18,T85,T220,Pro,MLP_DOUBLES_2023,Men's Doubles,Dura Fast 40,2023-06-16 00:00:00
G113,M60,1,21,12,T85,T86,Pro,MLP_DOUBLES_2023,Men's Doubles,Dura Fast 40,2023-01-26 00:00:00
G1128,M869,2,11,9,T851,T419,5.5,STANDARD_DOUBLES,Mixed Doubles,Franklin X-40,2024-12-15 00:00:00
G1143,M883,1,22,20,T854,T763,4.5,MLP_DOUBLES_2023_NO_FREEZE,Men's Doubles,Dura Fast 40,2024-12-28 00:00:00
G1144,M884,1,15,10,T857,T858,5.0,STANDARD_DOUBLES,Women's Doubles,Dura Fast 40,2025-01-11 00:00:00
G1145,M885,1,15,8,T860,T859,Pro,STANDARD_DOUBLES,Doubles,Dura Fast 40,2025-01-11 00:00:00
G1146,M886,1,20,18,T862,T861,Pro,STANDARD_DOUBLES,Mixed Doubles,Dura Fast 40,2025-01-12 00:00:00
G1152,M892,1,15,11,T866,T868,5.0,STANDARD_DOUBLES,Men's Doubles,Franklin X-40,2025-01-25 00:00:00
G1150,M890,1,15,5,T867,T866,5.0,STANDARD_DOUBLES,Men's Doubles,Franklin X-40,2025-01-25 00:00:00
G1153,M893,1,12,10,T869,T460,4.0,STANDARD_DOUBLES,Men's Doubles,Franklin X-40,2025-01-27 00:00:00
G115,M62,1,21,18,T87,T86,Pro,MLP_DOUBLES_2023,Men's Doubles,Dura Fast 40,2023-01-26 00:00:00
G1154,M894,1,13,4,T870,T380,4.5,STANDARD_DOUBLES,Men's Doubles,Selkirk Pro S1,2025-01-18 00:00:00
G1155,M895,1,11,3,T871,T451,4.0,STANDARD_DOUBLES,Men's Doubles,Franklin X-40,2025-01-27 00:00:00
G1158,M898,1,13,11,T872,T159,4.0,STANDARD_DOUBLES,Men's Doubles,Franklin X-40,2025-01-29 00:00:00
G1161,M901,1,11,7,T874,T875,4.0,STANDARD_DOUBLES,Men's Doubles,Selkirk Pro S1,2025-02-01 00:00:00
G1162,M902,1,22,20,T877,T876,5.0,MLP_DOUBLES_2023,Mixed Doubles,Gearbox GB1,2025-02-01 00:00:00
G1163,M903,1,21,17,T879,T878,5.0,MLP_DOUBLES_2023,Women's Doubles,Gearbox GB1,2025-02-01 00:00:00
G238,M138,1,21,16,T88,T200,Pro,MLP_DOUBLES_2023,Men's Doubles,Dura Fast 40,2023-06-15 00:00:00
G249,M148,1,21,15,T88,T208,Pro,MLP_DOUBLES_2023,Men's Doubles,Dura Fast 40,2023-06-16 00:00:00
G245,M144,1,21,14,T88,T203,Pro,MLP_DOUBLES_2023,Doubles,Dura Fast 40,2023-06-15 00:00:00
G116,M63,1,22,20,T88,T86,Pro,MLP_DOUBLES_2023,Men's Doubles,Dura Fast 40,2023-01-26 00:00:00
G1164,M904,1,21,14,T880,T881,5.5,MLP_DOUBLES_2023,Mixed Doubles,Gearbox GB1,2025-02-01 00:00:00
G1165,M905,1,21,15,T882,T883,5.5,MLP_DOUBLES_2023,Men's Doubles,Gearbox GB1,2025-02-01 00:00:00
G1167,M907,1,25,23,T884,T885,5.0,MLP_DOUBLES_2023,Women's Doubles,Alpha Zero Outdoor,2025-02-02 00:00:00
G1169,M909,1,22,20,T887,T886,5.0,MLP_DOUBLES_2023,Women's Doubles,Alpha Zero Outdoor,2025-02-02 00:00:00
G1170,M910,1,21,17,T888,T889,5.0,MLP_DOUBLES_2023,Mixed Doubles,Alpha Zero Outdoor,2025-02-02 00:00:00
G1177,M917,1,21,15,T891,T890,5.0,MLP_DOUBLES_2023,Mixed Doubles,Alpha Zero Outdoor,2025-02-02 00:00:00
G1176,M916,1,12,10,T892,T159,4.0,STANDARD_DOUBLES,Men's Doubles,Franklin X-40,2025-01-31 00:00:00
G1172,M912,1,12,10,T892,T159,4.0,STANDARD_DOUBLES,Men's Doubles,Franklin X-40,2025-01-31 00:00:00
G1175,M915,1,11,5,T892,T893,4.0,STANDARD_DOUBLES,Men's Doubles,Dura Fast 40,2025-02-06 00:00:00
G1173,M913,1,11,9,T892,T893,4.0,STANDARD_DOUBLES,Men's Doubles,Dura Fast 40,2025-02-06 00:00:00
G1174,M914,1,22,20,T894,T895,5.0,MLP_DOUBLES_2023,Mixed Doubles,Alpha Zero Outdoor,2025-02-02 00:00:00
G1180,M920,1,11,6,T897,T582,4.0,STANDARD_DOUBLES,Men's Doubles,Dura Fast 40,2025-02-06 00:00:00
G1181,M921,1,11,1,T897,T582,4.0,STANDARD_DOUBLES,Men's Doubles,Dura Fast 40,2025-02-06 00:00:00
G1186,M926,1,11,3,T898,T593,Pro,STANDARD_DOUBLES,Women's Doubles,Vulcan VPRO 2,2025-02-01 00:00:00
G1182,M922,1,11,7,T898,T593,Pro,STANDARD_DOUBLES,Women's Doubles,Vulcan VPRO 2,2025-02-01 00:00:00
G1189,M929,1,11,6,T899,T834,4.0,STANDARD_DOUBLES,Men's Doubles,Franklin X-40,2025-02-20 00:00:00
G123,M68,1,15,14,T90,T89,4.0,STANDARD_DOUBLES,Men's Doubles,Unknown,2023-02-25 00:00:00
G1192,M932,2,11,5,T903,T904,5.0,STANDARD_DOUBLES,Doubles,Unknown,2025-03-08 00:00:00
G1195,M932,3,11,7,T904,T903,5.0,STANDARD_DOUBLES,Doubles,Unknown,2025-03-08 00:00:00
G1193,M932,1,12,10,T904,T903,5.0,STANDARD_DOUBLES,Doubles,Unknown,2025-03-08 00:00:00
G1194,M933,1,15,11,T905,T159,4.0,STANDARD_DOUBLES,Men's Doubles,Franklin X-40,2025-03-08 00:00:00
G1196,M934,1,11,9,T906,T907,5.5,STANDARD_DOUBLES,Men's Doubles,Vulcan VPRO 2,2025-03-12 00:00:00
G1199,M937,1,11,9,T911,T910,5.0,STANDARD_DOUBLES,Men's Doubles,Other,2025-03-15 00:00:00
G122,M67,2,11,5,T92,T91,3.5,STANDARD_DOUBLES,Men's Doubles,Unknown,2023-02-15 00:00:00
G121,M67,1,11,2,T92,T91,3.5,STANDARD_DOUBLES,Men's Doubles,Unknown,2023-02-16 00:00:00
G124,M69,1,11,9,T93,T94,4.0,STANDARD_DOUBLES,Men's Doubles,Unknown,2023-03-10 00:00:00
G129,M72,1,15,7,T98,T97,4.5,STANDARD_DOUBLES,Men's Doubles,Unknown,2023-03-12 00:00:00
G128,M71,1,11,10,T98,T97,4.5,STANDARD_DOUBLES,Men's Doubles,Unknown,2023-03-12 00:00:00
G131,M73,1,11,0,T99,T100,4.0,STANDARD_DOUBLES,Men's Doubles,Unknown,2023-03-17 00:00:00
G130,M73,2,11,2,T99,T100,4.0,STANDARD_DOUBLES,Men's Doubles,Unknown,2023-03-17 00:00:00
